reward,success_rate,actor_loss,critic_loss
-100.0,0.0,-0.21242710947990417,8.330560684204102
-100.0,0.0,-1.076798915863037,1.8237323760986328
-100.0,0.0,-1.0937111377716064,2.3652095794677734
-100.0,0.0,-1.054443359375,2.8316802978515625
-100.0,0.0,-1.2940549850463867,2.302664279937744
-100.0,0.0,-1.1992363929748535,1.2428224086761475
-100.0,0.0,-1.0685020685195923,0.6628862023353577
-100.0,0.0,-1.2315125465393066,1.3021657466888428
-100.0,0.0,-1.226889729499817,2.0524611473083496
-100.0,0.0,-1.0844216346740723,1.9167077541351318
-100.0,0.0,-1.2449872493743896,1.5347318649291992
-100.0,0.0,-1.3039093017578125,1.2034759521484375
-94.0,0.0,-1.1767373085021973,0.6044884920120239
-100.0,0.0,-1.2745436429977417,0.8786173462867737
-100.0,0.0,-1.262431025505066,1.0525474548339844
-100.0,0.0,-1.025660514831543,1.117592453956604
-100.0,0.0,-1.0076110363006592,1.174910306930542
-100.0,0.0,-1.2074456214904785,0.9356876015663147
-100.0,0.0,-1.276258111000061,0.6094943881034851
-96.0,0.0,-1.12236487865448,0.69805508852005
-100.0,0.0,-0.06801256537437439,0.7949873208999634
-100.0,0.0,0.14712078869342804,0.7418992519378662
-100.0,0.0,-0.014676261693239212,0.7228297591209412
-100.0,0.0,-0.1836453080177307,0.6686995029449463
-100.0,0.0,-0.2311093509197235,0.5304328799247742
-100.0,0.0,-0.1902533918619156,0.7438479065895081
-100.0,0.0,-0.2276335060596466,0.5105145573616028
-91.0,0.0,-0.06093551591038704,0.5545302033424377
-89.0,0.0,-0.18997099995613098,0.5730915665626526
-100.0,0.0,-0.21892261505126953,0.5056438446044922
-100.0,0.0,-0.23689019680023193,0.6147756576538086
-100.0,0.0,-0.2656494677066803,0.5982710719108582
-100.0,0.0,-0.2980629503726959,0.47969329357147217
-100.0,0.0,-0.25192949175834656,0.47952955961227417
-100.0,0.0,-0.4429817199707031,0.41858381032943726
-100.0,0.0,-0.23890464007854462,0.5070006847381592
-100.0,0.0,-0.2846623659133911,0.4177364110946655
-100.0,0.0,-0.23280936479568481,0.5067297220230103
-100.0,0.0,-0.26954740285873413,0.42772167921066284
-100.0,0.0,-0.29248854517936707,0.4115765690803528
-100.0,0.0,0.5271852016448975,2.977830648422241
-100.0,0.0,0.7645869255065918,2.7373452186584473
-100.0,0.0,0.7600065469741821,2.338426351547241
-100.0,0.0,0.5037646293640137,1.4339847564697266
-100.0,0.0,-0.007874764502048492,1.4481257200241089
-100.0,0.0,-0.014406967908143997,1.0727688074111938
-100.0,0.0,0.22628724575042725,0.8575069308280945
-100.0,0.0,0.3493107557296753,0.9564216136932373
-100.0,0.0,0.11851155012845993,0.7988036870956421
-100.0,0.0,0.07141679525375366,0.6518635749816895
-100.0,0.0,0.2320137917995453,0.6208282709121704
-100.0,0.0,0.5075654983520508,0.5741876363754272
-100.0,0.0,0.4868985414505005,0.43773865699768066
-100.0,0.0,0.13356035947799683,0.55046546459198
-100.0,0.0,0.18398261070251465,0.6457619667053223
-100.0,0.0,0.3281748294830322,0.6144957542419434
-100.0,0.0,0.2768029570579529,0.4924243092536926
-100.0,0.0,0.3776136636734009,0.3646613359451294
-100.0,0.0,0.5479642152786255,0.48455119132995605
-100.0,0.0,0.36451753973960876,0.44159606099128723
-100.0,0.0,0.5321221351623535,0.5360047817230225
-100.0,0.0,0.5223456621170044,0.4945957660675049
-100.0,0.0,0.41802477836608887,0.3610589802265167
-100.0,0.0,0.43817800283432007,0.4551241099834442
-100.0,0.0,0.6266641616821289,0.4153550863265991
-100.0,0.0,0.4610890746116638,0.38693076372146606
-100.0,0.0,0.3003094494342804,0.4746370017528534
-100.0,0.0,0.46175268292427063,0.3968409299850464
-100.0,0.0,0.6410863399505615,0.3818552792072296
-100.0,0.0,0.3903648257255554,0.4200931191444397
-100.0,0.0,0.21263311803340912,0.3700743317604065
-100.0,0.0,0.2952222228050232,0.3690735995769501
-100.0,0.0,0.5197824239730835,0.33388590812683105
-100.0,0.0,0.49179261922836304,0.43447551131248474
-100.0,0.0,0.34792011976242065,0.3297722339630127
-100.0,0.0,0.33512014150619507,0.31859052181243896
-100.0,0.0,0.29700198769569397,0.35927021503448486
-100.0,0.0,0.6592910289764404,0.40861958265304565
-100.0,0.0,0.5341668128967285,0.3638949990272522
-100.0,0.0,0.462136447429657,0.4117472171783447
-100.0,0.0,0.6157498359680176,1.3375060558319092
-100.0,0.0,0.6941180229187012,1.3241246938705444
-100.0,0.0,0.4233759045600891,1.027771234512329
-94.0,0.0,0.4863702654838562,0.7297253608703613
-100.0,0.0,0.507992148399353,0.7722145318984985
-100.0,0.0,0.5947813987731934,0.7740728855133057
-100.0,0.0,0.40175122022628784,0.723721981048584
-100.0,0.0,0.4189133048057556,0.5570240020751953
-100.0,0.0,0.2526378035545349,0.4885558485984802
-100.0,0.0,0.30528390407562256,0.47887855768203735
-100.0,0.0,0.39796754717826843,0.6576358079910278
-100.0,0.0,0.45997387170791626,0.5601365566253662
-100.0,0.0,0.24876153469085693,0.5563815832138062
-100.0,0.0,0.12993265688419342,0.4441892206668854
-100.0,0.0,0.38593488931655884,0.42565467953681946
-100.0,0.0,0.4205932021141052,0.39513230323791504
-100.0,0.0,0.37280577421188354,0.5147421360015869
-100.0,0.0,0.5011584758758545,0.3759539723396301
-100.0,0.0,0.47899675369262695,0.3464812934398651
-100.0,0.0,0.30119583010673523,0.41128963232040405
-100.0,0.0,0.5643022060394287,0.4027669131755829
-100.0,0.0,0.46724680066108704,0.4886259436607361
-90.0,0.0,0.6927943825721741,0.34380418062210083
-100.0,0.0,0.7804580926895142,0.4994312822818756
-100.0,0.0,0.5662288665771484,0.4111173152923584
-100.0,0.0,0.5810607671737671,0.33493608236312866
-100.0,0.0,0.6406789422035217,0.45729154348373413
-87.0,0.0,0.6595993041992188,0.30813002586364746
-100.0,0.0,0.6112228035926819,0.31154075264930725
-100.0,0.0,0.8183275461196899,0.26025089621543884
-100.0,0.0,0.7421529293060303,0.38288414478302
-100.0,0.0,0.678447425365448,0.3998109698295593
-100.0,0.0,0.7664573192596436,0.3838123381137848
-54.0,0.01,0.7629956007003784,0.40478652715682983
-100.0,0.01,0.5381743907928467,0.4997713565826416
-52.0,0.02,0.6055331230163574,0.39144331216812134
-100.0,0.02,0.8144778609275818,0.3299923241138458
-100.0,0.02,0.7205629348754883,0.4222511649131775
-21.0,0.03,0.6803655624389648,0.33174362778663635
-100.0,0.03,0.7131174802780151,0.48639577627182007
-100.0,0.03,1.0038979053497314,0.6285238265991211
-100.0,0.03,0.8557246923446655,0.5802209973335266
-100.0,0.03,0.8506902456283569,0.3878355622291565
-100.0,0.03,0.9581106901168823,0.6639413237571716
-100.0,0.03,0.8338863849639893,0.4292238652706146
-100.0,0.03,0.9373220205307007,0.4927360415458679
-19.0,0.04,1.0975165367126465,0.5855401754379272
-22.0,0.05,1.124795913696289,0.5618248581886292
-24.0,0.06,0.7662558555603027,0.5233471393585205
-19.0,0.07,0.762949526309967,0.5935072898864746
-100.0,0.07,1.0573060512542725,0.4993693232536316
-100.0,0.07,1.1491419076919556,0.43414419889450073
-100.0,0.07,0.8512726426124573,0.34936976432800293
-100.0,0.07,0.8859691619873047,0.434409499168396
-100.0,0.07,1.0070974826812744,0.337279736995697
-100.0,0.07,1.0217829942703247,0.39980044960975647
-100.0,0.07,0.9570213556289673,0.3664759397506714
-15.0,0.08,0.9967314004898071,0.5631340742111206
-100.0,0.08,1.1027255058288574,0.4194064736366272
-100.0,0.08,1.176169753074646,0.5339524745941162
-100.0,0.08,0.9780302047729492,0.47224849462509155
-100.0,0.08,1.1958283185958862,0.5563333630561829
-100.0,0.08,1.2686645984649658,0.48793280124664307
-100.0,0.08,1.0255086421966553,0.41386470198631287
-100.0,0.08,1.163891315460205,0.48448699712753296
-100.0,0.08,1.2375823259353638,0.5512493252754211
-100.0,0.08,1.3325004577636719,0.4599728584289551
-100.0,0.08,1.0357019901275635,0.40367862582206726
-100.0,0.08,1.1284717321395874,0.3070378601551056
-100.0,0.08,1.2861435413360596,0.40290147066116333
-100.0,0.08,1.2395133972167969,0.38961824774742126
-18.0,0.09,1.3101468086242676,0.41931718587875366
-54.0,0.1,0.9989703297615051,0.356780469417572
-100.0,0.1,1.0942708253860474,0.3792269825935364
-100.0,0.1,1.4041554927825928,0.29894644021987915
-100.0,0.1,1.3242743015289307,0.3506205677986145
-100.0,0.1,1.0851948261260986,0.41061514616012573
-100.0,0.1,1.1700985431671143,0.36582237482070923
-100.0,0.1,1.2186204195022583,0.3461671471595764
-100.0,0.1,1.1148366928100586,0.396023154258728
-100.0,0.1,1.2373766899108887,0.43285638093948364
-100.0,0.1,1.3101825714111328,0.5160433650016785
-100.0,0.1,1.2220098972320557,0.404617577791214
-88.0,0.1,1.3912339210510254,0.44604575634002686
-100.0,0.1,1.278162956237793,0.4482754170894623
-26.0,0.11,1.0561338663101196,0.48186156153678894
-100.0,0.11,1.197382926940918,0.35528460144996643
-25.0,0.12,1.3981150388717651,0.354065865278244
-100.0,0.12,1.367712140083313,0.38220903277397156
-100.0,0.12,1.1832391023635864,0.3093412220478058
-100.0,0.12,1.3295329809188843,0.39984408020973206
-100.0,0.12,1.602450966835022,0.3849695920944214
-100.0,0.12,1.3315203189849854,0.3502523899078369
-100.0,0.12,1.2063279151916504,0.42165014147758484
-100.0,0.12,1.226110577583313,0.3221193850040436
-100.0,0.12,1.574061632156372,0.332778662443161
-20.0,0.13,1.2812910079956055,0.3851446807384491
-21.0,0.14,1.2700062990188599,0.3624829351902008
-26.0,0.14,1.2798832654953003,0.31481295824050903
-100.0,0.14,1.2984250783920288,0.40839582681655884
-100.0,0.14,1.4034390449523926,0.4612218737602234
-100.0,0.14,1.3967959880828857,0.2822490632534027
-100.0,0.14,1.4025912284851074,0.34931305050849915
-98.0,0.14,1.4016417264938354,0.4059075713157654
-100.0,0.14,1.2811360359191895,0.38904568552970886
-100.0,0.14,1.4335780143737793,0.31923431158065796
-100.0,0.14,1.4393360614776611,0.4578596353530884
-100.0,0.14,1.2276110649108887,0.4165521264076233
-100.0,0.14,1.4775880575180054,0.4842261075973511
-100.0,0.14,1.4084250926971436,0.2969004213809967
-100.0,0.14,1.2849650382995605,0.33482035994529724
-100.0,0.14,1.5203979015350342,0.31097719073295593
-100.0,0.14,1.504678726196289,0.25254252552986145
-100.0,0.14,1.3273110389709473,0.3899252712726593
-100.0,0.14,1.4527604579925537,0.34177687764167786
-100.0,0.14,1.4476768970489502,0.30517640709877014
-100.0,0.14,1.4273995161056519,0.3563288450241089
-100.0,0.14,1.505119800567627,0.3985540568828583
-100.0,0.14,1.5634381771087646,0.4103436768054962
-100.0,0.14,1.314882516860962,0.3575393557548523
-100.0,0.14,1.525678277015686,0.4672287106513977
-100.0,0.14,1.5750330686569214,0.4782416820526123
-100.0,0.14,1.3470160961151123,0.5189121961593628
-100.0,0.14,1.5295464992523193,0.4245334565639496
-100.0,0.14,1.4919730424880981,0.5270044207572937
-100.0,0.14,1.2532984018325806,0.35890769958496094
-100.0,0.14,1.6480833292007446,0.36143162846565247
-100.0,0.14,1.5790024995803833,0.40324825048446655
-100.0,0.14,1.310656189918518,0.3449810743331909
-100.0,0.14,1.574244499206543,0.4118462800979614
-100.0,0.14,1.5299471616744995,0.45809465646743774
-100.0,0.14,1.3092188835144043,0.4677426517009735
-100.0,0.14,1.5034774541854858,0.42905277013778687
-100.0,0.13,1.3944138288497925,0.4557024836540222
-100.0,0.13,1.4707961082458496,0.38693827390670776
-100.0,0.12,1.5232419967651367,0.25020429491996765
-100.0,0.12,1.3231067657470703,0.3285963535308838
-100.0,0.12,1.6049859523773193,0.3516186475753784
-100.0,0.11,1.6489107608795166,0.40005937218666077
-48.0,0.11,1.4356260299682617,0.37777718901634216
-100.0,0.11,1.3550219535827637,0.38237154483795166
-100.0,0.11,1.4234240055084229,0.3140541911125183
-100.0,0.11,1.3363417387008667,0.383938729763031
-100.0,0.11,1.2427502870559692,0.3465423583984375
-100.0,0.11,1.341368317604065,0.37548312544822693
-100.0,0.11,1.5704411268234253,0.2925853729248047
-100.0,0.1,1.4265756607055664,0.2914026975631714
-97.0,0.09,1.2608616352081299,0.36706656217575073
-100.0,0.08,1.1598951816558838,0.46121764183044434
-100.0,0.07,1.478271484375,0.3448106646537781
-100.0,0.07,1.864548683166504,0.29675406217575073
-100.0,0.07,1.6985595226287842,0.3234577178955078
-100.0,0.07,1.544987440109253,0.33216267824172974
-100.0,0.07,0.9763188362121582,0.33218538761138916
-100.0,0.07,1.0421855449676514,0.4503973126411438
-100.0,0.07,1.3627502918243408,0.4542160630226135
-100.0,0.07,1.7112996578216553,0.3291075527667999
-100.0,0.06,1.614290475845337,0.2838670611381531
-100.0,0.06,1.4836382865905762,0.3502045273780823
-100.0,0.06,1.220806360244751,0.36863988637924194
-94.0,0.06,1.1794536113739014,0.4052954614162445
-59.0,0.07,1.5310871601104736,0.3450970947742462
-88.0,0.07,1.5076220035552979,0.3838582932949066
-100.0,0.07,1.4174484014511108,0.38387197256088257
-100.0,0.07,1.2707388401031494,0.3711314797401428
-100.0,0.07,1.4394078254699707,0.4034673571586609
-21.0,0.08,1.5020027160644531,0.319688618183136
-24.0,0.09,1.2470290660858154,0.34605497121810913
-100.0,0.09,1.4013025760650635,0.38053303956985474
-100.0,0.09,1.5953657627105713,0.3640158176422119
-100.0,0.09,1.6966339349746704,0.3008263111114502
-100.0,0.08,1.3187451362609863,0.36742275953292847
-100.0,0.07,1.1881988048553467,0.41729411482810974
-100.0,0.07,1.5888458490371704,0.31212568283081055
-100.0,0.07,1.495126485824585,0.34788867831230164
-100.0,0.07,1.2749700546264648,0.4078297019004822
-96.0,0.07,1.4226051568984985,0.31798255443573
-44.0,0.08,1.33726966381073,0.3095432221889496
-100.0,0.08,1.4955058097839355,0.2748872935771942
-100.0,0.08,1.601637840270996,0.48207205533981323
-100.0,0.08,1.5997095108032227,0.3645328879356384
-100.0,0.08,1.5162529945373535,0.33305203914642334
-100.0,0.08,1.5306687355041504,0.32403331995010376
-100.0,0.08,1.6086781024932861,0.28457021713256836
-22.0,0.09,1.4071388244628906,0.4075394570827484
-100.0,0.08,1.3973740339279175,0.3795579671859741
-100.0,0.08,1.5491399765014648,0.21995478868484497
-60.0,0.07,1.4953069686889648,0.389085054397583
-68.0,0.07,1.5148775577545166,0.40721771121025085
-97.0,0.07,1.4778156280517578,0.36136555671691895
-100.0,0.07,1.3844798803329468,0.308691143989563
-100.0,0.07,1.4270501136779785,0.3998814821243286
-100.0,0.07,1.3849709033966064,0.38278335332870483
-88.0,0.07,1.2948307991027832,0.3037600815296173
-100.0,0.07,1.3027722835540771,0.30389687418937683
-100.0,0.07,1.5172533988952637,0.30127066373825073
-100.0,0.06,1.5306676626205444,0.34472212195396423
-21.0,0.06,1.1880747079849243,0.3874804377555847
-100.0,0.06,1.5329159498214722,0.2864004373550415
-100.0,0.06,1.780174732208252,0.3199589252471924
-100.0,0.06,1.7128915786743164,0.3260590136051178
-100.0,0.06,1.3931975364685059,0.32489150762557983
-100.0,0.06,1.5282599925994873,0.31570035219192505
-100.0,0.06,1.4607149362564087,0.3678051233291626
-100.0,0.06,1.3189561367034912,0.378608763217926
-70.0,0.07,1.387998342514038,0.3424055576324463
-100.0,0.07,1.3745440244674683,0.3573048710823059
-48.0,0.08,1.4438178539276123,0.28344860672950745
-100.0,0.08,1.562751293182373,0.3413730263710022
-99.0,0.08,1.418717384338379,0.3511752486228943
-100.0,0.08,1.3501372337341309,0.3610116243362427
-100.0,0.08,1.5720317363739014,0.3433157205581665
-100.0,0.08,1.2465215921401978,0.30283451080322266
-100.0,0.08,1.4562170505523682,0.29405122995376587
-100.0,0.08,1.5870001316070557,0.3733249306678772
-100.0,0.08,1.4756629467010498,0.2802623510360718
-100.0,0.08,1.2281146049499512,0.3281744122505188
-100.0,0.08,1.6640177965164185,0.31372082233428955
-100.0,0.08,1.647181510925293,0.32404810190200806
-63.0,0.08,1.1493324041366577,0.29913443326950073
-100.0,0.08,1.2856311798095703,0.2663165330886841
-100.0,0.08,1.5144100189208984,0.2879056930541992
-100.0,0.08,1.6146833896636963,0.3209999203681946
-100.0,0.08,1.4310578107833862,0.2796243727207184
-100.0,0.08,1.3755820989608765,0.32511091232299805
-30.0,0.08,1.8381600379943848,0.23035508394241333
-100.0,0.08,1.7691645622253418,0.33179181814193726
-100.0,0.08,1.427263855934143,0.3242759108543396
-47.0,0.09,1.4230690002441406,0.29339706897735596
-100.0,0.09,1.5559667348861694,0.2905964255332947
-100.0,0.09,1.8518733978271484,0.3564110994338989
-100.0,0.09,1.3803240060806274,0.30588704347610474
-100.0,0.09,1.3529751300811768,0.3212178349494934
-100.0,0.09,1.6103806495666504,0.34501659870147705
-100.0,0.09,1.3726909160614014,0.33293890953063965
-100.0,0.09,1.5798025131225586,0.3708626329898834
-100.0,0.09,1.5498545169830322,0.33902454376220703
-100.0,0.09,1.5535695552825928,0.32064539194107056
-100.0,0.09,1.4514186382293701,0.3315638303756714
-100.0,0.09,1.3795530796051025,0.34525132179260254
-100.0,0.09,1.4239805936813354,0.3702165484428406
-100.0,0.09,1.7653976678848267,0.30830639600753784
-100.0,0.09,1.3600609302520752,0.32771700620651245
-100.0,0.09,1.3678109645843506,0.2768251597881317
-100.0,0.09,1.6048203706741333,0.2632446885108948
-100.0,0.09,1.6350228786468506,0.33062297105789185
-100.0,0.09,1.3332722187042236,0.2761361002922058
-100.0,0.09,1.5507160425186157,0.2801992893218994
-100.0,0.09,1.408529281616211,0.2613297700881958
-100.0,0.09,1.466261386871338,0.3168036639690399
-100.0,0.09,1.4603365659713745,0.22318387031555176
-100.0,0.09,1.4202536344528198,0.3392060399055481
-100.0,0.09,1.2871431112289429,0.30790719389915466
-100.0,0.09,1.5842535495758057,0.35523322224617004
-100.0,0.09,1.6327595710754395,0.27356159687042236
-100.0,0.09,1.4123680591583252,0.28815537691116333
-100.0,0.09,1.3920159339904785,0.3143197298049927
-100.0,0.09,1.4623525142669678,0.2782808840274811
-100.0,0.09,1.5302278995513916,0.294724702835083
-100.0,0.09,1.7889102697372437,0.25114044547080994
-96.0,0.09,1.5367918014526367,0.3029247522354126
-100.0,0.08,1.5360329151153564,0.2987610995769501
-100.0,0.08,1.6810381412506104,0.3670148253440857
-100.0,0.08,1.3880620002746582,0.2522842586040497
-100.0,0.08,1.4910399913787842,0.3461345434188843
-67.0,0.09,1.5043375492095947,0.28539109230041504
-100.0,0.08,1.2874960899353027,0.24277034401893616
-100.0,0.07,1.4766690731048584,0.3558580279350281
-100.0,0.07,1.5763294696807861,0.32679465413093567
-16.0,0.08,1.5406343936920166,0.29471153020858765
-100.0,0.08,1.3321646451950073,0.29580122232437134
-98.0,0.08,1.6997222900390625,0.20614725351333618
-100.0,0.08,1.4884508848190308,0.266032338142395
-100.0,0.08,1.3857311010360718,0.2974521219730377
-100.0,0.08,1.662627100944519,0.2647920846939087
-100.0,0.08,1.678437352180481,0.23823575675487518
-100.0,0.08,1.2477421760559082,0.38361918926239014
-38.0,0.07,1.3672771453857422,0.20383045077323914
-15.0,0.08,1.4311567544937134,0.2427891194820404
-100.0,0.08,1.7225043773651123,0.3002983033657074
-16.0,0.09,1.533473253250122,0.21995891630649567
-100.0,0.09,1.5422642230987549,0.25815343856811523
-15.0,0.1,1.5531954765319824,0.3099958002567291
-100.0,0.1,1.4041106700897217,0.39771032333374023
-13.0,0.1,1.4342432022094727,0.20332178473472595
-100.0,0.1,1.312920093536377,0.29410499334335327
-100.0,0.1,1.378953456878662,0.2645929455757141
-100.0,0.1,1.4019806385040283,0.29581162333488464
-100.0,0.1,1.481182336807251,0.26761481165885925
-100.0,0.1,1.5278213024139404,0.32032912969589233
-100.0,0.1,1.4671595096588135,0.2744981050491333
-11.0,0.11,1.4388879537582397,0.2321731150150299
-100.0,0.11,1.29891037940979,0.23569604754447937
-100.0,0.11,1.4148929119110107,0.24629734456539154
-100.0,0.11,1.424532413482666,0.20932233333587646
-100.0,0.11,1.5695545673370361,0.25111889839172363
-20.0,0.12,1.5243737697601318,0.30453553795814514
-23.0,0.12,1.333571195602417,0.24000222980976105
-100.0,0.12,1.4901103973388672,0.25415918231010437
-100.0,0.12,1.3779375553131104,0.295232892036438
-11.0,0.13,1.348395824432373,0.25322267413139343
-100.0,0.13,1.577370285987854,0.2423168569803238
-100.0,0.13,1.627943992614746,0.30227184295654297
-100.0,0.13,1.6799724102020264,0.3424193561077118
-100.0,0.13,1.5624003410339355,0.2828782796859741
-100.0,0.12,1.5065345764160156,0.3236348330974579
-98.0,0.12,1.418993592262268,0.3169223964214325
-10.0,0.12,1.6623579263687134,0.36627912521362305
-100.0,0.12,1.493974208831787,0.2746809124946594
-100.0,0.12,1.3863155841827393,0.31120505928993225
-100.0,0.12,1.8712975978851318,0.3714964687824249
-100.0,0.12,1.5386936664581299,0.31654810905456543
-100.0,0.12,1.3330997228622437,0.32728272676467896
-100.0,0.12,1.0864710807800293,0.2819523513317108
-11.0,0.13,1.6220333576202393,0.29319918155670166
-21.0,0.14,1.8249552249908447,0.3249129354953766
-100.0,0.14,1.4975959062576294,0.27671146392822266
-100.0,0.14,1.345668077468872,0.36862415075302124
-32.0,0.15,1.6881738901138306,0.2918015122413635
-100.0,0.15,1.4811228513717651,0.2877712547779083
-100.0,0.15,1.180443286895752,0.3119323253631592
-17.0,0.16,1.6481356620788574,0.3439745306968689
-100.0,0.16,1.2844040393829346,0.301582932472229
-100.0,0.16,1.483569622039795,0.31601953506469727
-93.0,0.16,1.7133742570877075,0.35582125186920166
-100.0,0.16,1.378770351409912,0.31501972675323486
-100.0,0.16,1.3466081619262695,0.3782854676246643
-100.0,0.16,1.591986894607544,0.2676505446434021
-100.0,0.15,1.3969194889068604,0.3305289149284363
-100.0,0.15,1.5143258571624756,0.3298396170139313
-100.0,0.15,1.7199708223342896,0.29672756791114807
-100.0,0.15,1.489450216293335,0.3279005289077759
-100.0,0.15,1.4535635709762573,0.2539152503013611
-16.0,0.16,1.534964919090271,0.23150858283042908
-100.0,0.16,1.276109218597412,0.29038164019584656
-99.0,0.16,1.5320062637329102,0.3203713297843933
-100.0,0.16,1.5551152229309082,0.3290815055370331
-100.0,0.16,1.4281165599822998,0.33574050664901733
-22.0,0.17,1.3137991428375244,0.38557374477386475
-69.0,0.17,1.5005695819854736,0.2310744822025299
-100.0,0.17,1.4821577072143555,0.2156166136264801
-15.0,0.18,1.746213436126709,0.3042656481266022
-100.0,0.18,1.2827420234680176,0.25780293345451355
-100.0,0.18,1.5909533500671387,0.290134072303772
-100.0,0.18,1.4771218299865723,0.25564295053482056
-100.0,0.18,1.6243326663970947,0.28876519203186035
-100.0,0.18,1.4906684160232544,0.27951306104660034
-100.0,0.18,1.3554483652114868,0.30541348457336426
-100.0,0.18,1.679469108581543,0.2952044606208801
-100.0,0.18,1.8407411575317383,0.265445351600647
-12.0,0.19,1.6221446990966797,0.29269900918006897
-100.0,0.19,1.7964054346084595,0.26594212651252747
-100.0,0.19,1.764355182647705,0.24615676701068878
-100.0,0.19,1.6125825643539429,0.27617815136909485
-98.0,0.19,1.5266153812408447,0.26746684312820435
-100.0,0.19,1.6023008823394775,0.31003761291503906
-100.0,0.19,1.5497989654541016,0.3656270503997803
-100.0,0.19,1.5567402839660645,0.3653046488761902
-100.0,0.19,1.5030512809753418,0.3257194757461548
-86.0,0.19,1.502165675163269,0.325658917427063
-100.0,0.19,1.7575277090072632,0.3383941054344177
-100.0,0.19,1.659582495689392,0.3426966667175293
-19.0,0.2,1.4475831985473633,0.321852445602417
-57.0,0.21,1.6428624391555786,0.3152214586734772
-100.0,0.21,1.5939764976501465,0.3157353699207306
-100.0,0.2,1.6321423053741455,0.3268803358078003
-100.0,0.2,1.8505104780197144,0.2657513916492462
-100.0,0.2,1.6664767265319824,0.32676416635513306
-100.0,0.2,1.5865620374679565,0.3307868540287018
-96.0,0.19,1.9127769470214844,0.2702397108078003
-100.0,0.19,1.6323366165161133,0.29910194873809814
-100.0,0.19,1.5502440929412842,0.2754259705543518
-17.0,0.2,1.6712698936462402,0.3158037066459656
-100.0,0.2,1.653343915939331,0.3543066680431366
-100.0,0.2,1.594922423362732,0.3643430471420288
-100.0,0.2,1.7197773456573486,0.2708449065685272
-100.0,0.2,1.6868939399719238,0.33274275064468384
-100.0,0.2,1.297473669052124,0.3817780017852783
-100.0,0.19,1.6046411991119385,0.3744574189186096
-79.0,0.19,1.7843290567398071,0.28220880031585693
-100.0,0.18,1.7575900554656982,0.2981196641921997
-100.0,0.18,1.4768378734588623,0.34240812063217163
-100.0,0.17,1.385664939880371,0.435416579246521
-100.0,0.17,1.8520125150680542,0.48222488164901733
-100.0,0.16,1.9335874319076538,0.48839858174324036
-100.0,0.16,1.4700095653533936,0.37803709506988525
-59.0,0.17,1.7039097547531128,0.31374484300613403
-100.0,0.17,1.7892186641693115,0.41227948665618896
-19.0,0.18,1.6504971981048584,0.4521612226963043
-100.0,0.18,1.558658242225647,0.4929056763648987
-100.0,0.18,1.500661015510559,0.5486102104187012
-100.0,0.17,1.613144874572754,0.38005194067955017
-100.0,0.17,1.6796319484710693,0.32710492610931396
-22.0,0.18,1.8706045150756836,0.2793474495410919
-100.0,0.18,1.365483045578003,0.4164843261241913
-100.0,0.18,1.816542148590088,0.4062272608280182
-100.0,0.17,1.4404526948928833,0.36808526515960693
-100.0,0.16,1.519115924835205,0.31931567192077637
-100.0,0.16,1.7727618217468262,0.23264683783054352
-100.0,0.16,1.7399953603744507,0.33674755692481995
-17.0,0.16,1.4990296363830566,0.38405221700668335
-15.0,0.17,1.8652712106704712,0.4536532759666443
-100.0,0.17,1.690072774887085,0.3696320950984955
-100.0,0.17,1.3682141304016113,0.28870391845703125
-100.0,0.17,1.8899363279342651,0.2794278860092163
-100.0,0.17,1.9116512537002563,0.33485573530197144
-15.0,0.18,1.4936437606811523,0.3387371301651001
-100.0,0.17,1.573500156402588,0.3648141026496887
-100.0,0.17,1.8783164024353027,0.3014160692691803
-100.0,0.17,1.848272681236267,0.2830866575241089
-100.0,0.17,1.5664584636688232,0.34008869528770447
-67.0,0.17,1.614920973777771,0.29024749994277954
-98.0,0.17,1.9754128456115723,0.26889094710350037
-100.0,0.17,1.6670200824737549,0.324546217918396
-100.0,0.16,1.9712762832641602,0.2686746120452881
-19.0,0.16,1.792165756225586,0.3223826289176941
-100.0,0.16,1.5948686599731445,0.34948569536209106
-13.0,0.17,1.9500107765197754,0.2670375108718872
-100.0,0.16,1.6381840705871582,0.2650372087955475
-19.0,0.17,1.5867841243743896,0.2958326041698456
-94.0,0.17,1.6209911108016968,0.3055568337440491
-100.0,0.16,1.7392661571502686,0.36665964126586914
-100.0,0.16,1.8100786209106445,0.31736302375793457
-100.0,0.16,1.7105352878570557,0.29669278860092163
-12.0,0.17,1.858116865158081,0.3381773829460144
-95.0,0.17,1.7318098545074463,0.33914852142333984
-100.0,0.17,1.7451525926589966,0.26405197381973267
-15.0,0.18,1.5446678400039673,0.26804155111312866
-100.0,0.18,1.791599988937378,0.3407275080680847
-100.0,0.18,1.6893194913864136,0.28718477487564087
-100.0,0.18,1.7614396810531616,0.2714814245700836
-100.0,0.18,1.7328498363494873,0.29634231328964233
-100.0,0.18,1.9329770803451538,0.3141866624355316
-100.0,0.17,1.6984275579452515,0.34813567996025085
-100.0,0.17,1.7543851137161255,0.2768283188343048
-22.0,0.18,1.6345117092132568,0.22531229257583618
-100.0,0.18,1.9209187030792236,0.2931331396102905
-100.0,0.18,1.9971082210540771,0.22599297761917114
-100.0,0.17,1.7020716667175293,0.24076683819293976
-10.0,0.18,1.8344922065734863,0.23945140838623047
-100.0,0.18,1.8494819402694702,0.2885980010032654
-100.0,0.17,1.6833676099777222,0.32505106925964355
-35.0,0.17,1.7046278715133667,0.3244744837284088
-96.0,0.17,1.7939834594726562,0.29065030813217163
-100.0,0.17,1.8392325639724731,0.2919919192790985
-100.0,0.17,1.8697324991226196,0.2534095048904419
-100.0,0.17,1.7600141763687134,0.36583414673805237
-56.0,0.17,1.7884771823883057,0.2691594064235687
-100.0,0.17,1.8583118915557861,0.2961668372154236
-35.0,0.18,1.6068236827850342,0.2979651391506195
-93.0,0.17,1.7799526453018188,0.3261396586894989
-100.0,0.17,2.138993740081787,0.26224637031555176
-13.0,0.18,1.658859133720398,0.26839542388916016
-27.0,0.19,1.901355266571045,0.30445730686187744
-100.0,0.19,1.8892290592193604,0.26890939474105835
-96.0,0.19,1.4497166872024536,0.2684370279312134
-100.0,0.19,1.8007433414459229,0.2769787013530731
-100.0,0.19,2.0498313903808594,0.2992226779460907
-100.0,0.19,1.6561778783798218,0.2700013220310211
-100.0,0.19,1.6521621942520142,0.24673455953598022
-100.0,0.19,2.018416166305542,0.2838706970214844
-10.0,0.2,1.9219927787780762,0.3208231031894684
-100.0,0.19,1.9539910554885864,0.2385467290878296
-100.0,0.18,1.8487269878387451,0.31071779131889343
-100.0,0.18,1.7868242263793945,0.2786887288093567
-100.0,0.18,1.6569278240203857,0.27767059206962585
-100.0,0.18,2.1855268478393555,0.31288278102874756
-31.0,0.19,1.6688439846038818,0.32123106718063354
-97.0,0.19,1.8759398460388184,0.3047962188720703
-100.0,0.19,1.9728814363479614,0.3004017174243927
-100.0,0.19,1.756782054901123,0.27030348777770996
-18.0,0.2,1.549636960029602,0.28113725781440735
-100.0,0.19,1.9353382587432861,0.2583260238170624
-15.0,0.2,1.7730369567871094,0.30866050720214844
-100.0,0.2,1.9317363500595093,0.3140452206134796
-100.0,0.2,2.146634817123413,0.268105149269104
-100.0,0.2,1.9573086500167847,0.33537665009498596
-100.0,0.2,2.082670211791992,0.35342150926589966
-100.0,0.2,1.8613395690917969,0.31786346435546875
-100.0,0.2,1.8435624837875366,0.2804444134235382
-100.0,0.2,1.7056810855865479,0.36942148208618164
-100.0,0.2,1.9747049808502197,0.5384282469749451
-100.0,0.2,1.9146056175231934,0.4083861708641052
-90.0,0.2,1.9602382183074951,0.325528621673584
-100.0,0.2,2.040213108062744,0.26399046182632446
-100.0,0.2,1.9827544689178467,0.3323565721511841
-21.0,0.2,1.8694151639938354,0.3006158471107483
-100.0,0.2,1.8650535345077515,0.28717032074928284
-14.0,0.2,2.003929615020752,0.3020946979522705
-100.0,0.2,1.9381829500198364,0.3102927803993225
-100.0,0.2,1.9106121063232422,0.30665552616119385
-100.0,0.2,1.8377537727355957,0.33137646317481995
-100.0,0.2,2.113065481185913,0.25339561700820923
-74.0,0.19,2.0689139366149902,0.3351195752620697
-100.0,0.19,1.8215069770812988,0.3210897147655487
-12.0,0.2,1.8673676252365112,0.29021739959716797
-10.0,0.21,2.0801706314086914,0.2957746088504791
-21.0,0.22,2.0194482803344727,0.26947203278541565
-96.0,0.22,2.102787971496582,0.2766614854335785
-100.0,0.22,1.9797849655151367,0.29979419708251953
-100.0,0.21,2.130317211151123,0.30384644865989685
-100.0,0.2,1.8990402221679688,0.2702717185020447
-100.0,0.2,2.038332939147949,0.3381003737449646
-100.0,0.2,1.905893087387085,0.3118215501308441
-100.0,0.2,1.815440058708191,0.32531869411468506
-13.0,0.21,2.2960262298583984,0.25998228788375854
-100.0,0.2,1.9702541828155518,0.26969510316848755
-100.0,0.2,2.0224967002868652,0.322477787733078
-21.0,0.21,2.2113022804260254,0.2840580344200134
-100.0,0.21,1.6135486364364624,0.27761200070381165
-16.0,0.22,2.0737855434417725,0.3034050762653351
-100.0,0.22,1.932346224784851,0.3013143837451935
-100.0,0.22,1.7092413902282715,0.2937968671321869
-100.0,0.22,1.946901798248291,0.32066282629966736
-100.0,0.22,1.9641526937484741,0.24461975693702698
-100.0,0.21,1.7239611148834229,0.28136739134788513
-73.0,0.21,2.052602767944336,0.33368760347366333
-60.0,0.2,1.8923487663269043,0.3591827154159546
-18.0,0.21,1.7452104091644287,0.3129000961780548
-100.0,0.2,2.0583419799804688,0.31068482995033264
-17.0,0.21,1.775830864906311,0.3243314027786255
-86.0,0.21,1.726356029510498,0.3508645296096802
-18.0,0.22,1.9905658960342407,0.3819965124130249
-91.0,0.22,2.1043665409088135,0.4023931920528412
-100.0,0.21,1.77518892288208,0.3248629868030548
-16.0,0.22,2.001288414001465,0.3035147786140442
-100.0,0.22,1.8229721784591675,0.29989367723464966
-100.0,0.21,2.145467758178711,0.2787957489490509
-21.0,0.22,1.9198507070541382,0.30349934101104736
-100.0,0.22,1.8820722103118896,0.31162917613983154
-14.0,0.23,2.0337398052215576,0.34496521949768066
-10.0,0.24,1.7958979606628418,0.24871206283569336
-100.0,0.24,1.8189671039581299,0.3534421920776367
-22.0,0.25,1.7728315591812134,0.3191335201263428
-11.0,0.26,2.145003318786621,0.3172522783279419
-100.0,0.25,1.5214980840682983,0.26983505487442017
-57.0,0.25,1.8059849739074707,0.27058565616607666
-100.0,0.25,2.097738742828369,0.3181125521659851
-100.0,0.25,1.8115922212600708,0.3562171757221222
-18.0,0.25,1.6693286895751953,0.2937737703323364
-17.0,0.26,2.1417200565338135,0.3215411305427551
-100.0,0.26,2.1554994583129883,0.2872012257575989
-100.0,0.26,1.6101781129837036,0.2901989221572876
-100.0,0.26,1.8016650676727295,0.28874313831329346
-100.0,0.26,2.361110210418701,0.2389996349811554
-100.0,0.26,1.9971764087677002,0.3019254803657532
-100.0,0.26,1.8580942153930664,0.26677393913269043
-100.0,0.26,2.1751294136047363,0.278819739818573
-11.0,0.27,2.3229880332946777,0.30872952938079834
-98.0,0.26,1.9755468368530273,0.2582050561904907
-100.0,0.26,1.9674646854400635,0.288332462310791
-91.0,0.26,2.0118489265441895,0.22984853386878967
-100.0,0.25,1.967918872833252,0.3095775842666626
-89.0,0.24,2.3833045959472656,0.30263617634773254
-100.0,0.24,1.8443536758422852,0.26146093010902405
-100.0,0.24,2.0856504440307617,0.27305296063423157
-17.0,0.25,2.239731788635254,0.2715469300746918
-100.0,0.25,1.9332363605499268,0.2813813090324402
-100.0,0.25,1.9020540714263916,0.2749055027961731
-13.0,0.26,2.028902530670166,0.3229014575481415
-100.0,0.26,1.6603230237960815,0.2973368167877197
-100.0,0.25,2.380385398864746,0.3107157349586487
-100.0,0.25,2.0809037685394287,0.25740087032318115
-100.0,0.25,1.9073866605758667,0.2462470978498459
-100.0,0.25,2.3646366596221924,0.26102006435394287
-100.0,0.25,2.1207308769226074,0.23528829216957092
-100.0,0.25,2.1158995628356934,0.2753930985927582
-100.0,0.24,2.0352392196655273,0.26084762811660767
-100.0,0.24,1.8421289920806885,0.23670591413974762
-100.0,0.24,1.870261788368225,0.2716403007507324
-100.0,0.24,2.2449216842651367,0.3123399019241333
-100.0,0.23,2.059584140777588,0.32222893834114075
-100.0,0.23,2.022639751434326,0.2543066143989563
-100.0,0.22,1.918877363204956,0.31023970246315
-100.0,0.22,2.1321473121643066,0.3159427344799042
-100.0,0.22,1.9954503774642944,0.2825309634208679
-100.0,0.22,2.0615341663360596,0.28235530853271484
-100.0,0.22,2.0278830528259277,0.2694244384765625
-100.0,0.22,2.1510181427001953,0.25588107109069824
-100.0,0.22,2.18759822845459,0.26250866055488586
-100.0,0.22,1.570383071899414,0.2891857624053955
-100.0,0.22,2.1468470096588135,0.33039969205856323
-100.0,0.22,2.338954210281372,0.24798458814620972
-100.0,0.22,1.9405884742736816,0.263896644115448
-100.0,0.22,2.3685920238494873,0.24463027715682983
-10.0,0.23,2.2279539108276367,0.33423498272895813
-100.0,0.22,2.168076515197754,0.3190286159515381
-100.0,0.22,2.0719847679138184,0.31867849826812744
-100.0,0.21,2.1375489234924316,0.34096699953079224
-100.0,0.21,2.11045241355896,0.36293327808380127
-100.0,0.21,2.0870680809020996,0.33731216192245483
-100.0,0.21,2.4437308311462402,0.3392048478126526
-100.0,0.21,2.1631674766540527,0.34910905361175537
-46.0,0.22,1.7354233264923096,0.30704736709594727
-20.0,0.23,2.261061191558838,0.24278047680854797
-17.0,0.23,2.277678966522217,0.2772447466850281
-100.0,0.22,1.8865091800689697,0.3406383991241455
-100.0,0.21,2.233214855194092,0.26902341842651367
-100.0,0.21,2.2794015407562256,0.3301160931587219
-100.0,0.21,2.069608449935913,0.23301193118095398
-91.0,0.21,2.1571362018585205,0.29837897419929504
-17.0,0.22,2.1059679985046387,0.2608907222747803
-22.0,0.23,2.154078960418701,0.31290942430496216
-100.0,0.23,2.112285852432251,0.29141002893447876
-100.0,0.23,2.18768310546875,0.25084465742111206
-100.0,0.22,2.089995861053467,0.2283230423927307
-100.0,0.22,2.282054901123047,0.285125195980072
-100.0,0.22,2.1438708305358887,0.25598838925361633
-21.0,0.22,2.0405924320220947,0.23014754056930542
-100.0,0.22,1.9130406379699707,0.2497939020395279
-26.0,0.22,2.1421096324920654,0.2515169680118561
-100.0,0.22,1.9475579261779785,0.2956002354621887
-12.0,0.23,1.98782217502594,0.2468314915895462
-11.0,0.24,2.4104807376861572,0.26261651515960693
-31.0,0.25,2.000866413116455,0.2718479335308075
-100.0,0.25,2.027486562728882,0.2675282955169678
-17.0,0.26,2.271056652069092,0.2518807053565979
-100.0,0.26,1.9738271236419678,0.31466197967529297
-100.0,0.25,2.146003484725952,0.2931610345840454
-92.0,0.25,2.302027940750122,0.28040874004364014
-100.0,0.24,2.0122361183166504,0.2466731071472168
-19.0,0.24,1.8585362434387207,0.24838082492351532
-19.0,0.24,2.031083106994629,0.3022816479206085
-100.0,0.24,2.0757360458374023,0.24896657466888428
-100.0,0.24,2.15753173828125,0.31145143508911133
-100.0,0.23,2.549694299697876,0.3080396056175232
-100.0,0.23,2.0457985401153564,0.25829559564590454
-100.0,0.23,1.9324486255645752,0.2712870240211487
-100.0,0.22,2.021585464477539,0.316600501537323
-100.0,0.22,2.343231201171875,0.24677900969982147
-15.0,0.22,2.258366107940674,0.23700964450836182
-100.0,0.21,2.3712825775146484,0.30068984627723694
-100.0,0.21,2.200359344482422,0.29672640562057495
-18.0,0.21,2.1527462005615234,0.2963561415672302
-100.0,0.2,2.4685170650482178,0.2472800761461258
-100.0,0.2,2.1026079654693604,0.33490821719169617
-13.0,0.21,2.3657138347625732,0.3126654028892517
-100.0,0.21,2.3647546768188477,0.29953181743621826
-11.0,0.22,2.0405361652374268,0.3261692523956299
-100.0,0.21,2.2449238300323486,0.22042733430862427
-16.0,0.21,1.959920883178711,0.3234308660030365
-15.0,0.22,2.138913631439209,0.24850088357925415
-12.0,0.23,1.9497251510620117,0.28077414631843567
-15.0,0.24,2.022603750228882,0.35032814741134644
-16.0,0.25,2.082982063293457,0.28798359632492065
-100.0,0.25,2.409595489501953,0.2670755088329315
-100.0,0.25,2.1209263801574707,0.279525488615036
-14.0,0.26,1.9761462211608887,0.3722705543041229
-100.0,0.25,2.190420150756836,0.31766119599342346
-100.0,0.25,2.0948357582092285,0.2826404869556427
-100.0,0.25,2.196354389190674,0.2616560757160187
-12.0,0.26,2.31760835647583,0.2927507162094116
-100.0,0.26,2.4775991439819336,0.22587385773658752
-96.0,0.26,2.1283459663391113,0.22693996131420135
-100.0,0.26,1.9931185245513916,0.2590610980987549
-100.0,0.26,2.0854108333587646,0.2707860469818115
-100.0,0.25,1.973935604095459,0.30544087290763855
-100.0,0.25,2.2308764457702637,0.27768346667289734
-13.0,0.26,2.36196231842041,0.20564007759094238
-16.0,0.26,1.8469469547271729,0.247318834066391
-100.0,0.26,2.213217258453369,0.24094867706298828
-100.0,0.26,2.308426856994629,0.2307240515947342
-20.0,0.27,2.5065934658050537,0.24249838292598724
-100.0,0.27,1.9795856475830078,0.1976354569196701
-100.0,0.27,2.1641488075256348,0.22849753499031067
-94.0,0.27,2.2871227264404297,0.32259464263916016
-97.0,0.27,2.1209335327148438,0.2686765193939209
-100.0,0.27,2.1235928535461426,0.2570479214191437
-100.0,0.27,2.3905181884765625,0.20618659257888794
-100.0,0.27,2.1343154907226562,0.24613814055919647
-100.0,0.27,2.196107864379883,0.25706619024276733
-100.0,0.27,2.167198657989502,0.2061280906200409
-100.0,0.27,1.8775161504745483,0.1956210881471634
-11.0,0.28,2.3384132385253906,0.25369369983673096
-100.0,0.28,2.1398367881774902,0.2052856832742691
-100.0,0.28,2.5757930278778076,0.27108216285705566
-100.0,0.28,2.0126686096191406,0.2828786373138428
-100.0,0.28,2.1590847969055176,0.2918781638145447
-100.0,0.28,2.7097160816192627,0.24999305605888367
-100.0,0.28,2.278550624847412,0.30657148361206055
-100.0,0.28,2.4503116607666016,0.29913797974586487
-29.0,0.29,2.5568363666534424,0.3340159058570862
-100.0,0.29,2.035705327987671,0.2271895408630371
-100.0,0.29,2.3287081718444824,0.2563583552837372
-100.0,0.29,2.0716710090637207,0.2423650026321411
-100.0,0.28,2.28045916557312,0.2737613916397095
-100.0,0.28,2.1954214572906494,0.26653262972831726
-100.0,0.28,2.3719043731689453,0.19065432250499725
-100.0,0.28,2.3037052154541016,0.2589985728263855
-100.0,0.28,1.9299709796905518,0.2791198492050171
-100.0,0.28,2.383294105529785,0.36485275626182556
-19.0,0.29,2.4020934104919434,0.2400088906288147
-100.0,0.29,2.01633620262146,0.24057190120220184
-100.0,0.28,1.9621295928955078,0.27837494015693665
-11.0,0.28,2.27526593208313,0.31522637605667114
-100.0,0.27,2.424962043762207,0.32327133417129517
-16.0,0.28,2.07318115234375,0.2696518301963806
-100.0,0.28,2.1677474975585938,0.28123652935028076
-100.0,0.28,2.4527695178985596,0.2973322868347168
-100.0,0.28,2.3364713191986084,0.2661699056625366
-12.0,0.29,2.2684521675109863,0.2524573504924774
-100.0,0.28,2.2027878761291504,0.2500515878200531
-41.0,0.27,2.2316370010375977,0.2681153416633606
-20.0,0.28,2.2968556880950928,0.357822060585022
-100.0,0.28,2.5119285583496094,0.3568294644355774
-100.0,0.28,2.5567493438720703,0.20680490136146545
-100.0,0.28,2.3011727333068848,0.23415698111057281
-96.0,0.28,2.365618944168091,0.30250799655914307
-100.0,0.27,2.3757388591766357,0.3288973569869995
-100.0,0.27,2.2413010597229004,0.259490042924881
-100.0,0.26,2.4087588787078857,0.22409436106681824
-100.0,0.26,2.509030342102051,0.22479960322380066
-22.0,0.26,2.17667818069458,0.2733428180217743
-100.0,0.25,2.3672139644622803,0.22874851524829865
-100.0,0.24,2.2666115760803223,0.2785935401916504
-15.0,0.25,2.6135168075561523,0.28689903020858765
-100.0,0.24,2.505223512649536,0.24168181419372559
-100.0,0.24,2.4255127906799316,0.23409676551818848
-100.0,0.24,2.1691033840179443,0.2662005126476288
-100.0,0.24,2.3356690406799316,0.2118457555770874
-11.0,0.25,2.4977173805236816,0.2036125808954239
-100.0,0.25,2.005390167236328,0.27810853719711304
-100.0,0.24,2.4904513359069824,0.2548626661300659
-100.0,0.24,2.2565884590148926,0.299452543258667
-100.0,0.24,2.4989540576934814,0.2632533609867096
-100.0,0.24,2.3623461723327637,0.22441734373569489
-17.0,0.25,2.473844528198242,0.20731085538864136
-86.0,0.25,2.4705910682678223,0.25169551372528076
-100.0,0.25,2.3301191329956055,0.24107658863067627
-100.0,0.25,2.492945671081543,0.22077298164367676
-19.0,0.25,2.376887321472168,0.2223883867263794
-100.0,0.25,2.638536214828491,0.22393876314163208
-100.0,0.25,2.5069165229797363,0.2675459086894989
-100.0,0.24,2.140841484069824,0.25862056016921997
-15.0,0.25,2.392042636871338,0.20258668065071106
-100.0,0.25,2.1684813499450684,0.23258009552955627
-93.0,0.24,2.4855456352233887,0.2331499606370926
-100.0,0.24,2.4181032180786133,0.2620266079902649
-100.0,0.23,2.3684139251708984,0.22382324934005737
-100.0,0.23,2.50600004196167,0.24123944342136383
-100.0,0.22,2.708036422729492,0.20955470204353333
-100.0,0.21,2.4206628799438477,0.2330845296382904
-96.0,0.2,2.1170997619628906,0.22912654280662537
-100.0,0.19,2.861356019973755,0.188930481672287
-100.0,0.18,2.5928149223327637,0.2453659325838089
-100.0,0.18,2.616081714630127,0.22121313214302063
-19.0,0.19,2.64200496673584,0.2446449249982834
-100.0,0.18,2.4434008598327637,0.24783873558044434
-100.0,0.18,2.6533560752868652,0.2571105360984802
-100.0,0.18,1.912029504776001,0.21416079998016357
-45.0,0.18,2.017979621887207,0.19731080532073975
-13.0,0.18,1.9299561977386475,0.203657329082489
-100.0,0.18,2.562046527862549,0.22454451024532318
-17.0,0.19,2.3652262687683105,0.17688032984733582
-100.0,0.19,2.1786770820617676,0.19991955161094666
-20.0,0.2,1.9165427684783936,0.16373279690742493
-18.0,0.21,2.1487622261047363,0.22374869883060455
-19.0,0.22,2.075079917907715,0.2811170816421509
-100.0,0.21,2.196037530899048,0.2286830097436905
-100.0,0.2,2.4417645931243896,0.2497253119945526
-100.0,0.2,2.561335325241089,0.23702332377433777
-20.0,0.21,3.0411458015441895,0.18271538615226746
-100.0,0.2,2.880446672439575,0.24081310629844666
-100.0,0.2,2.5375137329101562,0.20134150981903076
-100.0,0.2,2.532158851623535,0.2308480441570282
-100.0,0.2,2.442440986633301,0.23024122416973114
-92.0,0.2,2.6426424980163574,0.25938040018081665
-12.0,0.21,2.7373595237731934,0.2907000482082367
-100.0,0.21,2.7297842502593994,0.2340623289346695
-100.0,0.21,2.5129971504211426,0.2648007869720459
-100.0,0.21,2.5107269287109375,0.21612688899040222
-100.0,0.21,2.461787700653076,0.16089367866516113
-13.0,0.22,2.6130802631378174,0.27788838744163513
-100.0,0.21,2.965559482574463,0.3078300356864929
-100.0,0.21,2.5735838413238525,0.28368663787841797
-20.0,0.22,2.381822109222412,0.230690136551857
-90.0,0.22,2.4800119400024414,0.20855872333049774
-100.0,0.22,2.6787002086639404,0.2788965106010437
-100.0,0.22,2.560732841491699,0.274792343378067
-12.0,0.23,2.7214746475219727,0.22000794112682343
-100.0,0.23,2.5484280586242676,0.22737310826778412
-100.0,0.22,2.2224199771881104,0.26381903886795044
-100.0,0.22,2.4311792850494385,0.2600253224372864
-100.0,0.22,2.436404228210449,0.23161467909812927
-100.0,0.22,2.542179584503174,0.25325798988342285
-100.0,0.22,2.48612380027771,0.25130337476730347
-100.0,0.22,2.383922576904297,0.27166083455085754
-13.0,0.23,2.6699838638305664,0.20585834980010986
-100.0,0.23,2.3389272689819336,0.209699809551239
-100.0,0.23,2.252662420272827,0.22596381604671478
-12.0,0.24,2.56636381149292,0.1946057677268982
-100.0,0.23,2.229097366333008,0.2788844108581543
-100.0,0.23,2.309847354888916,0.24711471796035767
-100.0,0.23,2.168484687805176,0.1720142513513565
-12.0,0.23,2.191019058227539,0.1998894363641739
-100.0,0.23,2.170954465866089,0.23620820045471191
-100.0,0.22,2.1602518558502197,0.22568640112876892
-100.0,0.22,1.9191491603851318,0.23288625478744507
-100.0,0.22,2.40545654296875,0.23178809881210327
-17.0,0.23,2.212132692337036,0.257872074842453
-95.0,0.22,2.3184962272644043,0.2376401275396347
-100.0,0.22,1.9291688203811646,0.2308533489704132
-100.0,0.22,2.584021806716919,0.32183152437210083
-93.0,0.21,2.4581804275512695,0.29276031255722046
-100.0,0.21,2.403353691101074,0.2424248307943344
-100.0,0.21,2.235985517501831,0.26941025257110596
-100.0,0.21,2.3903396129608154,0.28877687454223633
-23.0,0.22,2.656358242034912,0.23869842290878296
-100.0,0.22,2.5803029537200928,0.27036601305007935
-100.0,0.22,2.356407642364502,0.19289009273052216
-100.0,0.22,2.1352672576904297,0.24306964874267578
-92.0,0.22,2.6152141094207764,0.21415835618972778
-10.0,0.22,2.523008346557617,0.2309648096561432
-9.0,0.23,2.0954320430755615,0.2382592260837555
-100.0,0.23,2.6361069679260254,0.2522743344306946
-100.0,0.22,2.325289249420166,0.2276516705751419
-100.0,0.22,2.5545034408569336,0.21883854269981384
-12.0,0.23,2.702974557876587,0.2685370445251465
-100.0,0.23,2.487152576446533,0.21888402104377747
-100.0,0.23,2.4773874282836914,0.24865324795246124
-13.0,0.23,2.5386910438537598,0.36283645033836365
-13.0,0.24,2.6907243728637695,0.3338940441608429
-100.0,0.24,2.622850179672241,0.21012800931930542
-14.0,0.25,2.948385715484619,0.24802939593791962
-100.0,0.25,2.614898204803467,0.26713693141937256
-94.0,0.25,2.4349608421325684,0.27487123012542725
-100.0,0.24,2.69482421875,0.23005259037017822
-16.0,0.25,2.6505320072174072,0.24879629909992218
-100.0,0.25,2.865792751312256,0.26993826031684875
-15.0,0.26,2.3805065155029297,0.17744749784469604
-100.0,0.25,2.541447162628174,0.25554054975509644
-100.0,0.25,2.6308369636535645,0.23044437170028687
-100.0,0.25,2.360856533050537,0.18755018711090088
-20.0,0.26,2.842277765274048,0.29625415802001953
-100.0,0.25,2.5643787384033203,0.2830590605735779
-100.0,0.25,2.183469295501709,0.24607785046100616
-10.0,0.26,2.2078943252563477,0.26398587226867676
-100.0,0.26,2.6891772747039795,0.2609260678291321
-100.0,0.26,2.508147954940796,0.23667919635772705
-11.0,0.27,2.5008091926574707,0.19633162021636963
-100.0,0.27,2.693903923034668,0.26280730962753296
-10.0,0.28,2.5648257732391357,0.31636956334114075
-100.0,0.28,2.553967237472534,0.2633613348007202
-100.0,0.28,2.6380152702331543,0.18663524091243744
-100.0,0.28,2.7499425411224365,0.2865676283836365
-100.0,0.28,2.522134304046631,0.311488538980484
-50.0,0.28,2.5381832122802734,0.24025952816009521
-100.0,0.28,2.560565948486328,0.23367875814437866
-17.0,0.29,2.3647823333740234,0.27059847116470337
-100.0,0.29,2.565671682357788,0.2842564284801483
-12.0,0.3,2.7431693077087402,0.2170306146144867
-100.0,0.29,2.5214128494262695,0.18568205833435059
-17.0,0.3,2.6679749488830566,0.18552768230438232
-19.0,0.3,2.637577533721924,0.2610604166984558
-100.0,0.3,2.643989086151123,0.23192796111106873
-100.0,0.29,2.4222121238708496,0.21862325072288513
-100.0,0.28,2.667140483856201,0.2081289291381836
-100.0,0.27,2.63761305809021,0.21642982959747314
-94.0,0.27,1.9899600744247437,0.2175160050392151
-100.0,0.27,2.5590624809265137,0.19486640393733978
-100.0,0.27,2.608660936355591,0.2224719077348709
-100.0,0.26,2.448908805847168,0.2633500099182129
-53.0,0.26,2.6354496479034424,0.3193046748638153
-100.0,0.26,2.569005012512207,0.29312294721603394
-11.0,0.27,2.607590675354004,0.22174611687660217
-16.0,0.28,3.0076169967651367,0.20761632919311523
-100.0,0.28,2.965371608734131,0.23471581935882568
-12.0,0.28,2.802532434463501,0.21159043908119202
-100.0,0.28,2.851574659347534,0.2547433376312256
-100.0,0.28,2.657815456390381,0.2328275442123413
-100.0,0.28,2.756535530090332,0.2114804983139038
-100.0,0.28,2.7162435054779053,0.28889262676239014
-100.0,0.27,2.6023526191711426,0.26666325330734253
-100.0,0.27,2.5638279914855957,0.3029228448867798
-14.0,0.28,2.730389356613159,0.21613994240760803
-100.0,0.27,2.7634429931640625,0.2434815764427185
-100.0,0.27,3.064570188522339,0.2048037052154541
-100.0,0.27,2.585777759552002,0.2163175642490387
-100.0,0.27,2.7900333404541016,0.29147493839263916
-100.0,0.26,2.7314860820770264,0.2954323887825012
-100.0,0.26,2.7837564945220947,0.20966702699661255
-100.0,0.26,2.9716336727142334,0.22584235668182373
-100.0,0.26,2.6080803871154785,0.2920547127723694
-100.0,0.26,2.5664303302764893,0.29401639103889465
-100.0,0.26,2.987644672393799,0.22233474254608154
-9.0,0.27,2.580326557159424,0.24203839898109436
-100.0,0.27,3.0263500213623047,0.2867004871368408
-100.0,0.26,3.106558322906494,0.27178627252578735
-100.0,0.26,2.5836119651794434,0.26404261589050293
-100.0,0.26,2.411774158477783,0.2470288723707199
-100.0,0.25,2.7594141960144043,0.2925529479980469
-18.0,0.26,3.1638855934143066,0.33796101808547974
-100.0,0.26,2.8844051361083984,0.34040647745132446
-19.0,0.27,2.329270839691162,0.2591102123260498
-100.0,0.26,2.8598544597625732,0.23942717909812927
-100.0,0.26,2.7734804153442383,0.32697200775146484
-100.0,0.26,2.737522602081299,0.3610624074935913
-100.0,0.26,2.8570446968078613,0.24203039705753326
-100.0,0.26,2.793673276901245,0.2276897132396698
-100.0,0.25,2.930844783782959,0.2716248631477356
-22.0,0.26,2.77119779586792,0.2516866624355316
-12.0,0.27,2.8210151195526123,0.19426676630973816
-100.0,0.27,2.4826605319976807,0.3048159182071686
-17.0,0.28,2.874415874481201,0.34142830967903137
-17.0,0.29,3.109130859375,0.26846492290496826
-100.0,0.29,2.4442172050476074,0.2184329330921173
-17.0,0.3,2.7014942169189453,0.27182501554489136
-21.0,0.3,2.7761940956115723,0.3467029929161072
-100.0,0.3,2.8183889389038086,0.26596158742904663
-100.0,0.3,2.6036219596862793,0.20817820727825165
-100.0,0.3,2.928586483001709,0.2311277985572815
-100.0,0.3,2.8287715911865234,0.25687742233276367
-100.0,0.29,2.7002196311950684,0.23806911706924438
-100.0,0.28,2.7575812339782715,0.2114364504814148
-22.0,0.29,2.866453170776367,0.26407259702682495
-14.0,0.3,2.815854549407959,0.2967787981033325
-100.0,0.3,2.851624011993408,0.23248548805713654
-100.0,0.29,2.993353843688965,0.23729713261127472
-18.0,0.3,2.579699754714966,0.28067588806152344
-100.0,0.3,2.6576766967773438,0.35374921560287476
-100.0,0.29,2.9192895889282227,0.296811580657959
-100.0,0.28,2.5171396732330322,0.23197069764137268
-21.0,0.29,2.54144549369812,0.22492867708206177
-100.0,0.28,3.160698652267456,0.22023779153823853
-100.0,0.28,3.0699219703674316,0.2870689332485199
-95.0,0.28,2.737025737762451,0.1995479166507721
-100.0,0.28,2.718869686126709,0.20379850268363953
-100.0,0.27,2.9231185913085938,0.24759326875209808
-100.0,0.27,2.7397053241729736,0.2595696449279785
-11.0,0.27,2.9202866554260254,0.22153787314891815
-100.0,0.27,2.6952474117279053,0.24623773992061615
-100.0,0.27,2.8070476055145264,0.2663353979587555
-100.0,0.27,2.7661585807800293,0.28866758942604065
-100.0,0.26,2.9348695278167725,0.2232521027326584
-100.0,0.26,2.805934429168701,0.1697547733783722
-84.0,0.26,2.7880356311798096,0.23808640241622925
-10.0,0.26,3.06669545173645,0.21138660609722137
-100.0,0.26,3.192805528640747,0.190912663936615
-100.0,0.26,2.5093486309051514,0.20464394986629486
-100.0,0.25,2.771275043487549,0.19126258790493011
-100.0,0.25,2.946835517883301,0.1984931379556656
-100.0,0.24,2.936793088912964,0.22715382277965546
-100.0,0.24,3.0397355556488037,0.22487293183803558
-100.0,0.24,2.665374755859375,0.23091404139995575
-12.0,0.25,2.565812110900879,0.22430261969566345
-9.0,0.26,2.673250913619995,0.18089284002780914
-100.0,0.25,2.934760808944702,0.19074684381484985
-100.0,0.25,2.59615421295166,0.23809537291526794
-100.0,0.24,2.647838592529297,0.21735914051532745
-81.0,0.25,2.989515781402588,0.2201252579689026
-100.0,0.24,2.940915584564209,0.20899511873722076
-100.0,0.24,2.7050743103027344,0.1656378209590912
-100.0,0.23,3.1280980110168457,0.2053883969783783
-100.0,0.22,2.6194984912872314,0.28642839193344116
-100.0,0.22,3.012765407562256,0.20880024135112762
-100.0,0.22,2.902541160583496,0.2130555361509323
-15.0,0.23,3.1484432220458984,0.24677079916000366
-100.0,0.23,2.8221170902252197,0.223920077085495
-10.0,0.24,2.831806182861328,0.2044653594493866
-100.0,0.24,2.662571907043457,0.23818200826644897
-100.0,0.24,2.652398109436035,0.23461297154426575
-12.0,0.25,2.8174610137939453,0.17185437679290771
-100.0,0.25,2.826869249343872,0.20981836318969727
-15.0,0.26,2.9978554248809814,0.2036481499671936
-11.0,0.26,2.844148635864258,0.17411771416664124
-20.0,0.26,2.8522722721099854,0.1847705990076065
-100.0,0.26,2.8990225791931152,0.17170552909374237
-100.0,0.25,2.5839076042175293,0.17198479175567627
-100.0,0.25,2.9796547889709473,0.21436244249343872
-13.0,0.26,2.995971202850342,0.16163596510887146
-16.0,0.27,2.762324810028076,0.24128571152687073
-17.0,0.28,2.86236572265625,0.21942946314811707
-100.0,0.28,2.9033031463623047,0.16871199011802673
-100.0,0.28,2.7616677284240723,0.17449910938739777
-100.0,0.27,2.9929580688476562,0.22129735350608826
-100.0,0.27,2.9180665016174316,0.18860575556755066
-100.0,0.27,2.922341823577881,0.23253020644187927
-100.0,0.27,2.8323185443878174,0.2328702062368393
-100.0,0.27,2.8181281089782715,0.2168661653995514
-21.0,0.28,2.827500820159912,0.17750853300094604
-100.0,0.28,3.0958454608917236,0.31607723236083984
-13.0,0.29,3.041844367980957,0.22961534559726715
-100.0,0.29,2.793363332748413,0.22209224104881287
-85.0,0.29,2.9025237560272217,0.27616721391677856
-73.0,0.29,3.060547351837158,0.2358076274394989
-18.0,0.29,3.0707736015319824,0.19518627226352692
-18.0,0.3,3.197435140609741,0.252803772687912
-100.0,0.3,2.8028223514556885,0.2604200541973114
-100.0,0.3,2.7198143005371094,0.27829480171203613
-15.0,0.31,3.104930877685547,0.3001234531402588
-100.0,0.31,2.837667465209961,0.2609653174877167
-100.0,0.3,3.0323486328125,0.2694329619407654
-14.0,0.31,2.881286144256592,0.2464953064918518
-83.0,0.3,2.9418277740478516,0.25918877124786377
-100.0,0.3,3.0831687450408936,0.22212010622024536
-100.0,0.3,2.9687561988830566,0.23459336161613464
-100.0,0.3,2.5851950645446777,0.17643974721431732
-92.0,0.3,2.654477834701538,0.2393765151500702
-100.0,0.3,3.079275131225586,0.19305291771888733
-100.0,0.3,2.9319019317626953,0.173993319272995
-100.0,0.29,2.9979982376098633,0.2017727941274643
-11.0,0.29,3.2597694396972656,0.18552902340888977
-95.0,0.29,3.1894192695617676,0.18000324070453644
-18.0,0.29,2.748875141143799,0.1962255835533142
-100.0,0.28,2.8742785453796387,0.24252104759216309
-100.0,0.28,2.874173641204834,0.2111496925354004
-100.0,0.27,2.920748710632324,0.23101793229579926
-100.0,0.26,3.045661449432373,0.21712446212768555
-100.0,0.26,3.0350613594055176,0.24438253045082092
-17.0,0.27,2.5288805961608887,0.2783641815185547
-17.0,0.28,2.7452449798583984,0.2101292908191681
-100.0,0.28,3.2653563022613525,0.21306705474853516
-100.0,0.28,3.0646491050720215,0.21929258108139038
-72.0,0.28,2.7083866596221924,0.22376571595668793
-100.0,0.27,2.8616151809692383,0.2529408037662506
-55.0,0.26,2.8411459922790527,0.2139097899198532
-100.0,0.26,2.7889866828918457,0.19909211993217468
-13.0,0.27,2.9022865295410156,0.1989329308271408
-10.0,0.27,3.0244927406311035,0.20596642792224884
-100.0,0.27,3.230933666229248,0.2372184544801712
-94.0,0.27,3.189647912979126,0.23872876167297363
-96.0,0.27,2.792201042175293,0.19897708296775818
-100.0,0.26,2.9295167922973633,0.22011341154575348
-100.0,0.26,2.829908847808838,0.23829299211502075
-100.0,0.26,3.060084581375122,0.23413249850273132
-100.0,0.26,2.9863393306732178,0.19827371835708618
-100.0,0.26,3.520153760910034,0.23815451562404633
-100.0,0.26,3.354732036590576,0.2653640806674957
-100.0,0.26,3.2955636978149414,0.23289184272289276
-100.0,0.25,3.0013394355773926,0.1853855699300766
-100.0,0.25,3.1325857639312744,0.1951054334640503
-10.0,0.26,3.117293119430542,0.2058504968881607
-100.0,0.26,2.994678497314453,0.18234305083751678
-14.0,0.27,3.4189348220825195,0.13672152161598206
-10.0,0.28,3.291886329650879,0.19049572944641113
-100.0,0.28,3.0379137992858887,0.19264142215251923
-100.0,0.27,3.053236961364746,0.1743321418762207
-100.0,0.27,2.843715190887451,0.1611166000366211
-100.0,0.27,3.025118827819824,0.21428892016410828
-100.0,0.27,3.203697681427002,0.20582206547260284
-100.0,0.27,3.1573879718780518,0.2129601240158081
-95.0,0.27,3.1371984481811523,0.15900148451328278
-100.0,0.27,2.829773426055908,0.19638609886169434
-100.0,0.27,3.0361056327819824,0.2498229444026947
-15.0,0.27,2.9364821910858154,0.23786985874176025
-100.0,0.26,2.7800698280334473,0.20719000697135925
-94.0,0.26,3.202268362045288,0.209188312292099
-10.0,0.27,3.214175224304199,0.17693409323692322
-15.0,0.28,3.1951355934143066,0.25844818353652954
-100.0,0.27,3.155392646789551,0.22003111243247986
-100.0,0.27,3.3051276206970215,0.26714688539505005
-100.0,0.27,3.079805850982666,0.2117040455341339
-100.0,0.27,3.067995548248291,0.2523590624332428
-100.0,0.27,2.8602194786071777,0.22551608085632324
-100.0,0.27,3.276383399963379,0.22688303887844086
-100.0,0.27,3.0780110359191895,0.2282712161540985
-100.0,0.26,3.408064365386963,0.2560023069381714
-100.0,0.26,2.9702680110931396,0.2562747597694397
-100.0,0.25,2.9091084003448486,0.22777308523654938
-100.0,0.25,2.8591599464416504,0.22582308948040009
-17.0,0.26,2.876803398132324,0.2749283015727997
-100.0,0.25,3.1818597316741943,0.236153244972229
-100.0,0.25,2.9686317443847656,0.22134029865264893
-100.0,0.24,3.1278076171875,0.17222388088703156
-16.0,0.24,2.8822779655456543,0.16634893417358398
-100.0,0.23,3.35272479057312,0.17676731944084167
-100.0,0.23,3.21012282371521,0.20318962633609772
-13.0,0.24,3.1968066692352295,0.17966490983963013
-100.0,0.24,3.2538113594055176,0.2074836939573288
-100.0,0.23,2.9234201908111572,0.19725072383880615
-100.0,0.22,3.314816474914551,0.2597039043903351
-74.0,0.22,3.0391712188720703,0.21251140534877777
-100.0,0.22,3.0510706901550293,0.21857886016368866
-17.0,0.23,2.8633041381835938,0.2184058427810669
-16.0,0.24,3.470475673675537,0.20821452140808105
-100.0,0.24,3.2350120544433594,0.20153453946113586
-100.0,0.24,3.1187591552734375,0.2117908000946045
-100.0,0.24,3.2208669185638428,0.2026439905166626
-100.0,0.24,3.19938325881958,0.2468395233154297
-20.0,0.24,3.213809013366699,0.23222827911376953
-100.0,0.24,3.390761375427246,0.2396649718284607
-100.0,0.23,3.083889961242676,0.1913560926914215
-100.0,0.23,3.007473945617676,0.22962702810764313
-13.0,0.24,3.337742328643799,0.1962539553642273
-100.0,0.24,3.355825901031494,0.19664792716503143
-100.0,0.23,3.4752960205078125,0.17791947722434998
-100.0,0.22,3.3091907501220703,0.16497802734375
-100.0,0.22,3.1715378761291504,0.19360169768333435
-100.0,0.22,3.4711074829101562,0.18521423637866974
-100.0,0.21,2.951829671859741,0.21453659236431122
-100.0,0.21,3.4177350997924805,0.1952929049730301
-100.0,0.21,3.055901050567627,0.2133093625307083
-100.0,0.2,3.1679892539978027,0.23355039954185486
-100.0,0.2,3.0082015991210938,0.17076481878757477
-100.0,0.2,3.2135541439056396,0.19624394178390503
-10.0,0.21,3.1106162071228027,0.2864123582839966
-100.0,0.21,3.1134066581726074,0.2040838897228241
-100.0,0.21,3.107377529144287,0.19152870774269104
-100.0,0.21,3.4209089279174805,0.2480126917362213
-100.0,0.21,2.9156036376953125,0.26526230573654175
-99.0,0.21,3.0221376419067383,0.2934322953224182
-100.0,0.2,3.2024805545806885,0.2757577896118164
-100.0,0.2,3.1371965408325195,0.27296584844589233
-97.0,0.19,3.086489200592041,0.2792019844055176
-100.0,0.19,2.962653875350952,0.24442452192306519
-100.0,0.19,3.007319211959839,0.21554633975028992
-15.0,0.2,3.1307129859924316,0.2802329659461975
-100.0,0.2,3.361250162124634,0.19853726029396057
-100.0,0.2,3.189349412918091,0.24998772144317627
-100.0,0.19,3.0251455307006836,0.22906890511512756
-100.0,0.18,3.2956862449645996,0.2265966236591339
-100.0,0.18,3.267362117767334,0.21229958534240723
-100.0,0.18,3.272451877593994,0.2262556254863739
-100.0,0.18,3.395362138748169,0.21591633558273315
-100.0,0.18,3.6094508171081543,0.22217552363872528
-100.0,0.18,3.112542152404785,0.23606611788272858
-96.0,0.18,3.318086624145508,0.18661633133888245
-100.0,0.17,2.9957656860351562,0.20489440858364105
-100.0,0.16,3.311985969543457,0.20161685347557068
-100.0,0.16,2.9474806785583496,0.1852470338344574
-100.0,0.16,3.1854500770568848,0.21614795923233032
-100.0,0.16,3.476440191268921,0.1669190227985382
-100.0,0.16,3.1311111450195312,0.25057974457740784
-100.0,0.16,3.3922104835510254,0.2985695004463196
-100.0,0.16,3.3993563652038574,0.23835965991020203
-100.0,0.16,3.454819679260254,0.198982834815979
-18.0,0.17,3.5614006519317627,0.18145114183425903
-100.0,0.17,2.9141829013824463,0.15186399221420288
-100.0,0.17,3.2008564472198486,0.1994965523481369
-100.0,0.17,3.5637083053588867,0.1693110167980194
-100.0,0.17,3.322603225708008,0.27231329679489136
-100.0,0.16,3.392489194869995,0.27138954401016235
-11.0,0.17,3.6822288036346436,0.24764400720596313
-100.0,0.16,3.1565909385681152,0.18875572085380554
-100.0,0.15,3.2990126609802246,0.22709500789642334
-100.0,0.15,3.2175607681274414,0.19810348749160767
-100.0,0.15,3.0449929237365723,0.19800525903701782
-19.0,0.16,3.2152271270751953,0.18165159225463867
-100.0,0.16,3.57919979095459,0.189128577709198
-22.0,0.17,3.38761830329895,0.22286033630371094
-100.0,0.17,3.0348873138427734,0.16814382374286652
-97.0,0.17,3.379279136657715,0.21917341649532318
-100.0,0.17,3.544161796569824,0.22782988846302032
-97.0,0.17,3.543740749359131,0.2733236849308014
-100.0,0.16,3.074479103088379,0.18452143669128418
-100.0,0.16,3.108257293701172,0.20005060732364655
-100.0,0.16,3.6003034114837646,0.20228469371795654
-100.0,0.15,3.3694190979003906,0.218121737241745
-100.0,0.14,2.9956769943237305,0.21622169017791748
-100.0,0.14,3.468224048614502,0.23262232542037964
-100.0,0.14,3.29110050201416,0.2540334165096283
-100.0,0.14,3.3037261962890625,0.24087511003017426
-20.0,0.15,3.274012804031372,0.27687469124794006
-100.0,0.15,3.3886594772338867,0.22237414121627808
-100.0,0.15,3.1945066452026367,0.1943293958902359
-100.0,0.15,3.699615478515625,0.21415886282920837
-100.0,0.15,3.512470245361328,0.1936178356409073
-100.0,0.15,3.2686471939086914,0.1799207329750061
-100.0,0.15,2.913003444671631,0.29882657527923584
-100.0,0.15,3.2956533432006836,0.25480902194976807
-100.0,0.14,3.5680317878723145,0.2120235711336136
-15.0,0.15,3.17276930809021,0.23587986826896667
-10.0,0.16,3.115083694458008,0.2804325819015503
-100.0,0.16,3.3746228218078613,0.29151788353919983
-15.0,0.16,3.258780002593994,0.25044798851013184
-100.0,0.16,3.521017551422119,0.31205952167510986
-100.0,0.16,3.478107452392578,0.4525083303451538
-100.0,0.15,3.2052931785583496,0.5072416067123413
-12.0,0.16,3.3506035804748535,0.28400158882141113
-96.0,0.16,3.618083953857422,0.25965845584869385
-100.0,0.16,3.2009806632995605,0.3156205415725708
-100.0,0.15,3.2139978408813477,0.2741019129753113
-100.0,0.15,3.2156970500946045,0.1848408281803131
-100.0,0.14,3.372645378112793,0.28211554884910583
-100.0,0.13,3.4723873138427734,0.22294898331165314
-100.0,0.13,3.2930116653442383,0.19049951434135437
-100.0,0.13,3.345371961593628,0.25433069467544556
-10.0,0.14,3.0770654678344727,0.2584379017353058
-100.0,0.14,3.440810203552246,0.2130415439605713
-100.0,0.13,3.498547077178955,0.1685936450958252
-100.0,0.13,3.5077033042907715,0.24343740940093994
-13.0,0.14,3.7711217403411865,0.18456976115703583
-16.0,0.15,3.4903757572174072,0.2112930864095688
-100.0,0.14,3.569535255432129,0.15823283791542053
-16.0,0.15,3.1645615100860596,0.17793399095535278
-100.0,0.15,3.680856704711914,0.18226423859596252
-16.0,0.16,3.4657254219055176,0.2757408022880554
-100.0,0.16,3.473289966583252,0.22695869207382202
-100.0,0.16,3.5360491275787354,0.23895679414272308
-100.0,0.16,3.5506930351257324,0.22246913611888885
-100.0,0.16,3.471987724304199,0.24593542516231537
-100.0,0.16,3.732311725616455,0.23654620349407196
-100.0,0.16,3.4552273750305176,0.1721726953983307
-13.0,0.17,3.6410253047943115,0.19579091668128967
-100.0,0.17,3.233724594116211,0.24249139428138733
-14.0,0.17,3.048280715942383,0.19458243250846863
-100.0,0.17,3.6073102951049805,0.25187456607818604
-18.0,0.18,3.278663396835327,0.1946341097354889
-100.0,0.18,3.2354788780212402,0.14233273267745972
-19.0,0.19,3.677114486694336,0.1909160614013672
-95.0,0.19,3.683532238006592,0.2504504919052124
-100.0,0.19,3.4766409397125244,0.23874527215957642
-100.0,0.19,3.4740443229675293,0.1794288158416748
-100.0,0.19,3.4864137172698975,0.20096944272518158
-100.0,0.19,3.2613444328308105,0.18238866329193115
-100.0,0.19,3.622544765472412,0.2030007541179657
-100.0,0.18,3.694878101348877,0.23555327951908112
-100.0,0.18,3.4489951133728027,0.31228363513946533
-100.0,0.18,3.7097105979919434,0.25978678464889526
-100.0,0.18,3.597886800765991,0.2045210301876068
-17.0,0.19,3.4089298248291016,0.2002270519733429
-16.0,0.2,3.3297858238220215,0.17252057790756226
-100.0,0.2,3.371342182159424,0.15920372307300568
-100.0,0.2,3.4362130165100098,0.17572897672653198
-100.0,0.2,3.416853904724121,0.19408965110778809
-11.0,0.21,3.5666377544403076,0.18912538886070251
-100.0,0.21,3.313450574874878,0.17951622605323792
-96.0,0.21,3.2561163902282715,0.2030748575925827
-100.0,0.21,3.5761353969573975,0.20595616102218628
-100.0,0.21,3.750335216522217,0.2009236067533493
-100.0,0.21,3.7024269104003906,0.21392735838890076
-100.0,0.21,3.5683646202087402,0.19751162827014923
-100.0,0.21,3.2652664184570312,0.1941375434398651
-96.0,0.21,3.572214126586914,0.2216685265302658
-100.0,0.21,3.478360652923584,0.20590156316757202
-100.0,0.21,3.832583427429199,0.16740283370018005
-100.0,0.2,3.493823528289795,0.14859414100646973
-37.0,0.21,3.8270111083984375,0.22022858262062073
-95.0,0.21,3.6468303203582764,0.16477686166763306
-93.0,0.21,3.53365421295166,0.1710178256034851
-100.0,0.21,3.643866539001465,0.17904511094093323
-100.0,0.21,3.256235361099243,0.20424845814704895
-100.0,0.2,3.4917638301849365,0.21214419603347778
-100.0,0.2,3.4176387786865234,0.19082441926002502
-100.0,0.2,3.378854990005493,0.21751166880130768
-100.0,0.2,3.649376392364502,0.20451262593269348
-100.0,0.2,3.621633291244507,0.18434704840183258
-11.0,0.2,3.4054460525512695,0.20251017808914185
-10.0,0.21,3.451045513153076,0.2668779492378235
-17.0,0.21,3.5377354621887207,0.21934127807617188
-10.0,0.22,3.2595181465148926,0.18451254069805145
-100.0,0.22,3.7196640968322754,0.29533320665359497
-21.0,0.23,3.967632532119751,0.2883700132369995
-100.0,0.23,3.7122790813446045,0.2217651754617691
-100.0,0.23,3.197570323944092,0.20685353875160217
-17.0,0.24,3.72978138923645,0.1855127215385437
-100.0,0.24,3.546276569366455,0.17901529371738434
-100.0,0.24,3.221998453140259,0.1537175178527832
-100.0,0.24,3.2889244556427,0.1812378466129303
-100.0,0.24,3.9052894115448,0.14930936694145203
-100.0,0.24,3.4510481357574463,0.19151079654693604
-100.0,0.24,3.114698886871338,0.16559922695159912
-100.0,0.23,3.7964510917663574,0.1628994643688202
-14.0,0.24,3.588909387588501,0.19348010420799255
-11.0,0.25,3.597015619277954,0.2003423422574997
-100.0,0.25,3.5405521392822266,0.20905371010303497
-100.0,0.25,3.554586172103882,0.1697186529636383
-14.0,0.26,3.5348100662231445,0.25992852449417114
-100.0,0.26,3.5919573307037354,0.14066585898399353
-100.0,0.26,3.057295799255371,0.17170730233192444
-15.0,0.27,3.3734335899353027,0.19793841242790222
-14.0,0.27,3.5067367553710938,0.27765047550201416
-18.0,0.27,3.535038471221924,0.24265728890895844
-100.0,0.27,3.5489420890808105,0.22534331679344177
-100.0,0.26,3.2959144115448,0.2244947850704193
-100.0,0.26,3.195985794067383,0.2643144726753235
-100.0,0.26,3.57832670211792,0.22872419655323029
-11.0,0.27,3.3164172172546387,0.21311166882514954
-100.0,0.26,3.4311699867248535,0.2351953387260437
-13.0,0.27,3.6392369270324707,0.21009711921215057
-11.0,0.28,3.5061609745025635,0.22174321115016937
-11.0,0.29,3.933320999145508,0.21262332797050476
-100.0,0.29,3.8054561614990234,0.22256864607334137
-100.0,0.29,3.6271166801452637,0.1802997887134552
-97.0,0.29,3.3902835845947266,0.2870442867279053
-100.0,0.29,3.407564163208008,0.24341586232185364
-96.0,0.29,3.7321341037750244,0.24362869560718536
-20.0,0.29,3.6331987380981445,0.1890658736228943
-100.0,0.29,3.9926018714904785,0.1823405921459198
-100.0,0.29,3.582059383392334,0.19368384778499603
-100.0,0.29,3.509169101715088,0.18980562686920166
-14.0,0.29,3.6251087188720703,0.1497567594051361
-21.0,0.29,3.4900004863739014,0.16228917241096497
-100.0,0.29,3.5400352478027344,0.17094098031520844
-100.0,0.28,3.7277615070343018,0.23854093253612518
-100.0,0.28,3.8329572677612305,0.30134785175323486
-100.0,0.27,3.6169776916503906,0.2067946195602417
-100.0,0.27,3.5961599349975586,0.2095082849264145
-20.0,0.28,3.2338733673095703,0.27886784076690674
-100.0,0.28,3.647650957107544,0.21055418252944946
-100.0,0.28,3.8326728343963623,0.22093039751052856
-100.0,0.28,3.913097858428955,0.22708898782730103
-18.0,0.29,3.4369354248046875,0.1907108575105667
-100.0,0.28,3.5295937061309814,0.19287240505218506
-100.0,0.28,3.801095962524414,0.22251799702644348
-100.0,0.27,3.7320079803466797,0.27615052461624146
-100.0,0.27,3.3884124755859375,0.22419019043445587
-100.0,0.26,3.4892337322235107,0.13047537207603455
-14.0,0.27,3.7289466857910156,0.24273408949375153
-100.0,0.26,3.398695945739746,0.35152286291122437
-100.0,0.26,3.32370662689209,0.30722975730895996
-100.0,0.26,3.6350884437561035,0.2079530507326126
-13.0,0.27,3.7864742279052734,0.21259190142154694
-100.0,0.27,3.905498504638672,0.3091607987880707
-100.0,0.27,3.6861109733581543,0.3115769922733307
-100.0,0.27,3.941228151321411,0.22577202320098877
-100.0,0.27,3.7673637866973877,0.11589600145816803
-10.0,0.28,3.5151710510253906,0.290742427110672
-99.0,0.28,3.6879026889801025,0.26311126351356506
-100.0,0.28,3.6712889671325684,0.14997196197509766
-100.0,0.27,3.7769432067871094,0.21074530482292175
-100.0,0.26,3.3979320526123047,0.23428016901016235
-13.0,0.27,3.8042845726013184,0.19280454516410828
-99.0,0.27,3.565643072128296,0.14997327327728271
-100.0,0.27,3.530841112136841,0.19855763018131256
-16.0,0.27,3.5222439765930176,0.14918936789035797
-100.0,0.27,3.5672829151153564,0.17993676662445068
-100.0,0.27,4.149742603302002,0.1666746735572815
-100.0,0.27,3.803562641143799,0.15912765264511108
-16.0,0.28,3.459531307220459,0.27560099959373474
-100.0,0.28,3.305359363555908,0.3286876976490021
-100.0,0.28,3.5530529022216797,0.23673424124717712
-16.0,0.29,3.474480152130127,0.182464599609375
-100.0,0.29,3.473043441772461,0.2536194324493408
-100.0,0.29,3.3150124549865723,0.18014632165431976
-100.0,0.29,3.6808998584747314,0.2527456283569336
-100.0,0.29,3.5102858543395996,0.22188937664031982
-100.0,0.28,3.4855449199676514,0.16698786616325378
-100.0,0.28,3.430007219314575,0.2580212354660034
-100.0,0.28,3.732515573501587,0.29720887541770935
-20.0,0.29,3.283700466156006,0.25040972232818604
-20.0,0.3,3.7093193531036377,0.2591453194618225
-100.0,0.3,3.6156368255615234,0.20346146821975708
-100.0,0.3,3.6238138675689697,0.14600718021392822
-100.0,0.3,3.6115705966949463,0.20627078413963318
-100.0,0.3,3.663578510284424,0.3016822934150696
-100.0,0.3,3.3769094944000244,0.1730586439371109
-100.0,0.29,3.5117740631103516,0.16306321322917938
-100.0,0.28,3.2477951049804688,0.19575165212154388
-16.0,0.28,3.4237213134765625,0.16915899515151978
-100.0,0.27,3.5386228561401367,0.20224162936210632
-100.0,0.27,3.775717258453369,0.20923037827014923
-100.0,0.26,3.187317371368408,0.2056129276752472
-13.0,0.27,3.642505645751953,0.22724005579948425
-100.0,0.27,3.8096280097961426,0.201679527759552
-15.0,0.27,3.968029260635376,0.18437129259109497
-16.0,0.28,3.462952136993408,0.18940883874893188
-100.0,0.28,3.399888515472412,0.19220057129859924
-100.0,0.28,3.6996192932128906,0.21509814262390137
-100.0,0.28,3.631000518798828,0.23533429205417633
-100.0,0.28,3.3354616165161133,0.2772776186466217
-100.0,0.28,3.9502625465393066,0.25342655181884766
-18.0,0.29,3.4789538383483887,0.24572011828422546
-14.0,0.29,3.385486125946045,0.2458985149860382
-100.0,0.28,3.8921761512756348,0.2143706977367401
-100.0,0.28,4.006002426147461,0.1890164315700531
-100.0,0.28,3.8098649978637695,0.1766536980867386
-100.0,0.27,3.844498872756958,0.20735964179039001
-100.0,0.27,3.6732521057128906,0.16711284220218658
-100.0,0.27,3.51290225982666,0.1567382663488388
-16.0,0.27,3.647502899169922,0.23053129017353058
-12.0,0.27,3.9584734439849854,0.18877628445625305
-100.0,0.26,3.77023983001709,0.18851637840270996
-12.0,0.27,3.295123338699341,0.2465304136276245
-100.0,0.27,3.8840408325195312,0.19192278385162354
-100.0,0.27,4.254441738128662,0.22558525204658508
-100.0,0.27,3.9855904579162598,0.20518706738948822
-14.0,0.27,3.48368501663208,0.1441674828529358
-100.0,0.27,3.9551444053649902,0.1603834629058838
-100.0,0.26,4.299323081970215,0.1800246238708496
-15.0,0.26,4.023011207580566,0.16716516017913818
-100.0,0.25,3.842735528945923,0.20862051844596863
-98.0,0.25,3.633603096008301,0.2117018699645996
-100.0,0.25,3.6989660263061523,0.21154552698135376
-100.0,0.25,3.7032876014709473,0.17331989109516144
-100.0,0.25,3.728776693344116,0.21228443086147308
-100.0,0.25,3.7156167030334473,0.28780126571655273
-100.0,0.24,3.9276487827301025,0.2362297773361206
-96.0,0.24,3.929873466491699,0.173542320728302
-81.0,0.25,3.5978310108184814,0.21631324291229248
-100.0,0.25,3.4246835708618164,0.18467624485492706
-100.0,0.24,3.7355642318725586,0.20729798078536987
-10.0,0.24,3.741478204727173,0.21983176469802856
-100.0,0.24,3.770019054412842,0.20689108967781067
-100.0,0.24,3.8340535163879395,0.18608355522155762
-100.0,0.24,3.4962968826293945,0.26496049761772156
-100.0,0.24,3.839142322540283,0.1876104474067688
-100.0,0.24,3.3972606658935547,0.230057030916214
-11.0,0.24,3.8637852668762207,0.19149254262447357
-10.0,0.25,3.5057692527770996,0.1928757131099701
-100.0,0.25,4.112552642822266,0.2448948621749878
-100.0,0.25,4.137162208557129,0.26331180334091187
-100.0,0.24,3.706583023071289,0.20476989448070526
-100.0,0.24,3.900247573852539,0.17886757850646973
-16.0,0.25,3.8180384635925293,0.25539904832839966
-14.0,0.26,3.709352493286133,0.1920948326587677
-100.0,0.26,3.840521812438965,0.1930304616689682
-100.0,0.26,3.6263587474823,0.2111380249261856
-100.0,0.25,3.919434070587158,0.20312060415744781
-100.0,0.25,3.7830984592437744,0.2322784960269928
-100.0,0.25,3.84736967086792,0.1832214891910553
-100.0,0.25,3.753622055053711,0.16047291457653046
-16.0,0.25,3.770291805267334,0.24765950441360474
-100.0,0.25,4.0662946701049805,0.17557629942893982
-100.0,0.25,3.559065341949463,0.15312209725379944
-100.0,0.25,3.865326404571533,0.21451756358146667
-100.0,0.25,3.835892677307129,0.1857517957687378
-100.0,0.24,3.922935724258423,0.24447321891784668
-100.0,0.24,3.597443103790283,0.26868441700935364
-100.0,0.24,3.8167295455932617,0.18891122937202454
-10.0,0.25,3.8253798484802246,0.17949523031711578
-100.0,0.25,3.854771614074707,0.2993054986000061
-100.0,0.24,4.149984836578369,0.23267029225826263
-11.0,0.25,4.313798904418945,0.20271959900856018
-100.0,0.25,4.131035804748535,0.21688707172870636
-26.0,0.25,3.867506504058838,0.17383775115013123
-100.0,0.25,3.826387882232666,0.17228887975215912
-100.0,0.25,3.78792142868042,0.2056521624326706
-100.0,0.25,4.016458511352539,0.25496557354927063
-100.0,0.24,3.3743648529052734,0.16471683979034424
-14.0,0.25,4.056633949279785,0.1675344705581665
-100.0,0.25,4.160911560058594,0.19858288764953613
-100.0,0.24,4.022851943969727,0.15172266960144043
-14.0,0.25,3.9472546577453613,0.16052018105983734
-100.0,0.25,3.6919925212860107,0.1060604602098465
-100.0,0.25,3.885624408721924,0.24528127908706665
-100.0,0.25,3.827090263366699,0.22152607142925262
-100.0,0.25,4.064141273498535,0.19798822700977325
-100.0,0.25,3.8208560943603516,0.1820753663778305
-100.0,0.25,3.6734097003936768,0.2749592065811157
-100.0,0.24,3.823747158050537,0.20020323991775513
-18.0,0.24,3.875950813293457,0.21376031637191772
-100.0,0.24,4.051400184631348,0.27049463987350464
-100.0,0.24,3.836289405822754,0.19681736826896667
-100.0,0.24,3.856597423553467,0.2518530488014221
-98.0,0.24,3.7871406078338623,0.3663662075996399
-14.0,0.25,4.016716957092285,0.24335744976997375
-100.0,0.25,3.9113807678222656,0.19231677055358887
-100.0,0.25,3.996443271636963,0.19011139869689941
-100.0,0.24,3.5167298316955566,0.21191860735416412
-100.0,0.24,4.153751850128174,0.2518337368965149
-16.0,0.25,3.6269569396972656,0.3108871579170227
-100.0,0.25,3.9709205627441406,0.2050444483757019
-100.0,0.24,4.064192771911621,0.16098305583000183
-100.0,0.24,3.304842472076416,0.20557540655136108
-100.0,0.23,3.3009796142578125,0.17175355553627014
-100.0,0.22,3.936258554458618,0.1879241168498993
-97.0,0.22,3.725597620010376,0.16610272228717804
-98.0,0.22,3.619643211364746,0.13285574316978455
-100.0,0.22,3.9007811546325684,0.13722297549247742
-100.0,0.22,3.5398242473602295,0.17072589695453644
-100.0,0.22,3.888948440551758,0.22126196324825287
-100.0,0.21,3.6033272743225098,0.14195194840431213
-100.0,0.2,3.582632541656494,0.20523947477340698
-9.0,0.21,3.584967851638794,0.22209186851978302
-100.0,0.21,3.7548623085021973,0.1520555317401886
-17.0,0.22,3.134347438812256,0.1826671063899994
-91.0,0.22,3.455854892730713,0.2302940934896469
-100.0,0.22,3.42539119720459,0.19257277250289917
-100.0,0.22,3.759547472000122,0.24329262971878052
-96.0,0.21,3.309293746948242,0.25787708163261414
-100.0,0.2,3.669029474258423,0.17032098770141602
-20.0,0.21,3.747189521789551,0.24111449718475342
-100.0,0.2,3.5090131759643555,0.3123771548271179
-11.0,0.21,3.437277317047119,0.24754974246025085
-100.0,0.21,3.861323356628418,0.17597772181034088
-100.0,0.21,3.638925075531006,0.2736284136772156
-100.0,0.2,3.838498115539551,0.37918829917907715
-100.0,0.2,3.6075172424316406,0.3051478862762451
-16.0,0.21,3.667870044708252,0.19616100192070007
-100.0,0.2,3.6427865028381348,0.1575552225112915
-100.0,0.2,3.6990156173706055,0.2139640748500824
-21.0,0.21,3.9609413146972656,0.2694024443626404
-100.0,0.21,3.8135313987731934,0.22855471074581146
-100.0,0.21,3.6757545471191406,0.233256995677948
-100.0,0.21,3.8958487510681152,0.22151224315166473
-14.0,0.22,3.5421767234802246,0.3198634386062622
-100.0,0.22,3.8546128273010254,0.1987934410572052
-100.0,0.22,4.105828285217285,0.18210655450820923
-100.0,0.21,4.0441436767578125,0.18463873863220215
-100.0,0.21,3.728776454925537,0.17707017064094543
-100.0,0.21,3.57804799079895,0.2112710028886795
-21.0,0.21,3.7162647247314453,0.2329486459493637
-100.0,0.21,3.852647066116333,0.24052627384662628
-100.0,0.21,4.28865909576416,0.22420406341552734
-10.0,0.22,3.923532247543335,0.1979101598262787
-100.0,0.22,4.080370903015137,0.16524967551231384
-100.0,0.22,3.9730262756347656,0.22563549876213074
-100.0,0.21,3.703031063079834,0.17409558594226837
-11.0,0.21,3.9827914237976074,0.17010000348091125
-18.0,0.22,3.66302490234375,0.162559375166893
-100.0,0.22,4.0496721267700195,0.14960652589797974
-100.0,0.22,3.9316186904907227,0.20934700965881348
-100.0,0.22,3.8143134117126465,0.22464516758918762
-100.0,0.21,3.972149610519409,0.21475236117839813
-16.0,0.21,3.8656601905822754,0.181192547082901
-100.0,0.21,3.9799771308898926,0.1780470758676529
-100.0,0.21,3.4063637256622314,0.1909085065126419
-100.0,0.21,3.770242691040039,0.16122844815254211
-100.0,0.21,3.7686402797698975,0.26694223284721375
-100.0,0.21,3.7466259002685547,0.37821874022483826
-97.0,0.21,4.077115535736084,0.274421751499176
-99.0,0.2,3.931436538696289,0.2639214098453522
-100.0,0.2,3.481483221054077,0.176324263215065
-100.0,0.2,3.4897191524505615,0.29762983322143555
-99.0,0.2,3.568446159362793,0.2065647840499878
-100.0,0.2,3.6592040061950684,0.1670241802930832
-11.0,0.21,3.795639753341675,0.2355111837387085
-100.0,0.21,3.9213616847991943,0.20590609312057495
-100.0,0.21,3.4904398918151855,0.16913336515426636
-100.0,0.2,3.9509389400482178,0.19005870819091797
-100.0,0.2,3.8993091583251953,0.14901681244373322
-100.0,0.2,3.723858118057251,0.17651227116584778
-100.0,0.19,3.726315498352051,0.15728971362113953
-100.0,0.19,3.8958306312561035,0.15221521258354187
-100.0,0.18,3.724008321762085,0.22260093688964844
-100.0,0.18,4.034141540527344,0.21487289667129517
-98.0,0.18,4.038236618041992,0.19565120339393616
-12.0,0.19,4.000877857208252,0.21514523029327393
-100.0,0.19,3.5755629539489746,0.2017437368631363
-100.0,0.18,4.067966461181641,0.1705159693956375
-100.0,0.18,3.593757390975952,0.16423934698104858
-100.0,0.18,3.1185073852539062,0.1651235669851303
-100.0,0.17,3.480928897857666,0.1758599877357483
-100.0,0.17,3.822054147720337,0.23727184534072876
-100.0,0.17,3.5139315128326416,0.20954756438732147
-100.0,0.17,3.4307098388671875,0.1909465789794922
-100.0,0.17,3.9483861923217773,0.21818208694458008
-100.0,0.17,4.059656620025635,0.17054879665374756
-100.0,0.17,3.9108057022094727,0.19445793330669403
-100.0,0.17,3.7504358291625977,0.17580997943878174
-100.0,0.16,3.5880632400512695,0.1497175395488739
-92.0,0.16,3.6518194675445557,0.21840858459472656
-100.0,0.16,4.000069618225098,0.19765403866767883
-100.0,0.16,4.042263984680176,0.15892358124256134
-100.0,0.16,3.955577850341797,0.22030308842658997
-14.0,0.16,3.68550705909729,0.2605612874031067
-100.0,0.16,4.023116111755371,0.23883560299873352
-100.0,0.16,3.703956127166748,0.18295156955718994
-100.0,0.16,3.505714178085327,0.16358515620231628
-100.0,0.16,4.0600175857543945,0.1990428864955902
-100.0,0.15,3.692096471786499,0.1644342541694641
-98.0,0.15,3.9993977546691895,0.22863349318504333
-100.0,0.15,3.8201417922973633,0.2448628544807434
-16.0,0.16,3.7396833896636963,0.21677300333976746
-100.0,0.16,3.8371036052703857,0.18874168395996094
-100.0,0.16,3.8337042331695557,0.210409015417099
-100.0,0.16,3.89249849319458,0.22431476414203644
-100.0,0.16,3.8094494342803955,0.2592778205871582
-100.0,0.16,3.9189300537109375,0.23024581372737885
-100.0,0.16,3.9030001163482666,0.16973228752613068
-100.0,0.16,3.6413304805755615,0.15869182348251343
-100.0,0.16,3.821835517883301,0.13804258406162262
-100.0,0.16,3.7059578895568848,0.164467453956604
-15.0,0.16,3.727749824523926,0.13529935479164124
-100.0,0.16,3.737114906311035,0.1654554307460785
-100.0,0.15,3.418747663497925,0.1766274869441986
-100.0,0.15,3.905508518218994,0.21375086903572083
-100.0,0.15,3.571737289428711,0.19821123778820038
-100.0,0.15,3.625791311264038,0.17105048894882202
-100.0,0.15,3.794003963470459,0.14111463725566864
-100.0,0.15,3.7342324256896973,0.14246724545955658
-100.0,0.14,4.005812168121338,0.23894920945167542
-100.0,0.14,3.737154006958008,0.19018052518367767
-65.0,0.14,3.732900619506836,0.23618465662002563
-19.0,0.15,3.696291923522949,0.2521107494831085
-17.0,0.16,3.932338237762451,0.19028207659721375
-100.0,0.16,3.734285354614258,0.20953401923179626
-100.0,0.16,3.6934826374053955,0.2713112235069275
-100.0,0.15,4.038322448730469,0.16754841804504395
-17.0,0.16,3.9786670207977295,0.1581588089466095
-100.0,0.16,3.7684502601623535,0.1807638555765152
-100.0,0.15,3.630326271057129,0.14788496494293213
-14.0,0.16,4.021912097930908,0.1659207046031952
-100.0,0.16,3.805032253265381,0.14022664725780487
-100.0,0.16,3.8669583797454834,0.18527141213417053
-100.0,0.15,3.7185733318328857,0.15331274271011353
-96.0,0.15,3.751556396484375,0.1414533257484436
-100.0,0.15,3.8296918869018555,0.2600070834159851
-100.0,0.15,4.0460638999938965,0.3108830451965332
-100.0,0.15,3.84550142288208,0.2794317603111267
-100.0,0.15,4.026545524597168,0.1311030238866806
-100.0,0.14,3.8285305500030518,0.13361555337905884
-100.0,0.14,3.511169672012329,0.16476966440677643
-100.0,0.14,3.7091619968414307,0.1737445443868637
-100.0,0.13,4.441412925720215,0.2034159004688263
-100.0,0.13,4.069559097290039,0.18917983770370483
-100.0,0.13,3.971904754638672,0.21530380845069885
-100.0,0.13,3.881913423538208,0.2533085346221924
-94.0,0.12,3.9325947761535645,0.20489190518856049
-100.0,0.11,3.997797727584839,0.1879245936870575
-100.0,0.11,3.858738422393799,0.2606673836708069
-14.0,0.12,4.34827995300293,0.21078556776046753
-100.0,0.12,4.14658260345459,0.2156294882297516
-100.0,0.12,3.869607448577881,0.2138298600912094
-100.0,0.11,4.0794525146484375,0.2428341656923294
-100.0,0.11,3.928483247756958,0.17257079482078552
-100.0,0.11,4.0683913230896,0.13372862339019775
-100.0,0.11,3.7413110733032227,0.13084107637405396
-100.0,0.11,4.140478134155273,0.15578818321228027
-100.0,0.11,4.038327217102051,0.24839448928833008
-100.0,0.11,3.827981472015381,0.24965718388557434
-100.0,0.11,3.857600688934326,0.2803676724433899
-19.0,0.12,4.151524543762207,0.2229510396718979
-100.0,0.12,4.25221061706543,0.2497749924659729
-100.0,0.12,3.934490919113159,0.2774040400981903
-100.0,0.12,4.090093612670898,0.21999266743659973
-100.0,0.11,4.19669246673584,0.2729288339614868
-20.0,0.12,3.891761302947998,0.2131780982017517
-100.0,0.12,3.841628074645996,0.19586095213890076
-19.0,0.13,3.9028220176696777,0.23836146295070648
-17.0,0.14,4.069453239440918,0.2399147003889084
-100.0,0.14,3.7586557865142822,0.2995404005050659
-16.0,0.15,3.8894245624542236,0.21378390491008759
-100.0,0.15,3.85284161567688,0.18765631318092346
-100.0,0.15,4.084216594696045,0.1817116141319275
-100.0,0.15,3.8638756275177,0.22869981825351715
-98.0,0.15,4.216485500335693,0.3732205629348755
-100.0,0.14,3.8209054470062256,0.21552196145057678
-14.0,0.15,3.8415169715881348,0.1951574683189392
-100.0,0.15,3.6851067543029785,0.21551576256752014
-100.0,0.15,3.891028642654419,0.21571245789527893
-12.0,0.16,3.829462766647339,0.21051084995269775
-100.0,0.16,4.013318061828613,0.3096786141395569
-100.0,0.16,3.786397933959961,0.16692212224006653
-100.0,0.16,3.801093578338623,0.16343006491661072
-100.0,0.16,3.942420721054077,0.15508218109607697
-100.0,0.16,3.8862967491149902,0.20116527378559113
-100.0,0.16,3.8570199012756348,0.25137579441070557
-11.0,0.17,4.115577697753906,0.21441563963890076
-100.0,0.17,3.8960633277893066,0.20592793822288513
-100.0,0.17,3.8476614952087402,0.16295620799064636
-100.0,0.17,3.9400014877319336,0.1739550679922104
-100.0,0.17,4.028838157653809,0.20883342623710632
-100.0,0.17,3.476015090942383,0.17507968842983246
-100.0,0.17,3.9986419677734375,0.18987883627414703
-100.0,0.16,4.237905502319336,0.22890615463256836
-100.0,0.16,3.9912800788879395,0.17101606726646423
-100.0,0.16,3.8403725624084473,0.29213976860046387
-17.0,0.17,3.832437515258789,0.2118491530418396
-11.0,0.18,3.9098472595214844,0.2892487645149231
-10.0,0.19,3.734978675842285,0.2499990165233612
-100.0,0.19,3.7670388221740723,0.3610192537307739
-100.0,0.19,3.9938693046569824,0.23820140957832336
-100.0,0.18,3.8001585006713867,0.2371569722890854
-14.0,0.19,3.9370574951171875,0.2614815831184387
-100.0,0.19,4.4438982009887695,0.2190030962228775
-20.0,0.2,3.7468161582946777,0.251580148935318
-100.0,0.2,4.052191734313965,0.3059493899345398
-100.0,0.2,4.266448020935059,0.17228539288043976
-16.0,0.21,3.83695650100708,0.18936294317245483
-100.0,0.21,3.980853319168091,0.2561137080192566
-100.0,0.21,3.7862095832824707,0.27999818325042725
-100.0,0.21,4.092944145202637,0.24806636571884155
-100.0,0.2,4.196861267089844,0.18738579750061035
-56.0,0.21,4.146338939666748,0.18225616216659546
-97.0,0.21,4.26357889175415,0.21490220725536346
-16.0,0.22,3.6112265586853027,0.1872495412826538
-100.0,0.22,4.248999118804932,0.2588965594768524
-17.0,0.23,4.59112024307251,0.2564358413219452
-12.0,0.24,3.9168081283569336,0.1647043228149414
-100.0,0.24,4.057723522186279,0.19633105397224426
-100.0,0.24,4.112724304199219,0.20271098613739014
-15.0,0.25,3.8176331520080566,0.2071859985589981
-100.0,0.24,4.014047622680664,0.17451071739196777
-100.0,0.23,3.795830011367798,0.18777406215667725
-100.0,0.22,3.9967379570007324,0.1789076030254364
-14.0,0.23,4.0592474937438965,0.1942519098520279
-100.0,0.23,3.511890411376953,0.202423095703125
-100.0,0.23,3.69334077835083,0.2744503319263458
-15.0,0.23,3.721747398376465,0.1702931821346283
-100.0,0.23,3.964756965637207,0.1708982139825821
-16.0,0.24,3.667685031890869,0.17289447784423828
-100.0,0.23,3.817864179611206,0.20986302196979523
-100.0,0.23,3.7933053970336914,0.2506994903087616
-100.0,0.23,4.052048683166504,0.23176708817481995
-18.0,0.24,3.788701295852661,0.18537893891334534
-67.0,0.25,4.028407096862793,0.2043299376964569
-100.0,0.25,3.650766372680664,0.22342628240585327
-100.0,0.25,3.8587701320648193,0.21695269644260406
-100.0,0.25,3.534031867980957,0.2998597025871277
-100.0,0.25,3.6270346641540527,0.3050047755241394
-21.0,0.26,4.090305805206299,0.23948761820793152
-100.0,0.26,3.963754653930664,0.2304643988609314
-100.0,0.26,4.157630920410156,0.3305765390396118
-99.0,0.26,3.735910177230835,0.3282819390296936
-11.0,0.27,3.77001690864563,0.2592584490776062
-100.0,0.27,3.7854340076446533,0.22576138377189636
-100.0,0.27,3.896435260772705,0.24191054701805115
-100.0,0.27,3.9184634685516357,0.27172502875328064
-19.0,0.28,3.8918840885162354,0.21903643012046814
-100.0,0.28,4.500292778015137,0.16336019337177277
-87.0,0.27,3.846007823944092,0.20838579535484314
-100.0,0.27,3.621725559234619,0.3749389350414276
-100.0,0.27,4.271897315979004,0.27383676171302795
-100.0,0.27,3.9279866218566895,0.21619343757629395
-20.0,0.28,3.7540183067321777,0.20933590829372406
-100.0,0.28,4.075377464294434,0.22354348003864288
-100.0,0.28,4.123899459838867,0.20242664217948914
-11.0,0.29,4.090967178344727,0.24625042080879211
-10.0,0.3,3.8162858486175537,0.2259809374809265
-100.0,0.3,3.937027931213379,0.19726258516311646
-100.0,0.3,4.057411193847656,0.18017324805259705
-100.0,0.29,4.103858470916748,0.21057945489883423
-100.0,0.29,4.0027947425842285,0.19121377170085907
-16.0,0.3,3.92972993850708,0.2567060589790344
-67.0,0.3,3.9766666889190674,0.16665291786193848
-16.0,0.31,3.8104658126831055,0.1921132504940033
-14.0,0.31,3.6756277084350586,0.1916477233171463
-100.0,0.31,4.093741416931152,0.2247576117515564
-100.0,0.3,4.376674652099609,0.18525655567646027
-100.0,0.29,3.83437442779541,0.2535932660102844
-100.0,0.29,4.266016960144043,0.2699933648109436
-100.0,0.28,4.0897393226623535,0.21264049410820007
-100.0,0.28,3.9919042587280273,0.17124435305595398
-11.0,0.29,3.9968814849853516,0.15475524961948395
-100.0,0.29,3.7924625873565674,0.2595316767692566
-13.0,0.3,3.60200834274292,0.13839973509311676
-100.0,0.3,3.2111198902130127,0.17522525787353516
-100.0,0.29,3.89639949798584,0.2394300401210785
-100.0,0.29,3.87211537361145,0.21224619448184967
-100.0,0.29,3.499319553375244,0.25938987731933594
-16.0,0.29,4.036958694458008,0.2399432510137558
-100.0,0.29,3.651320457458496,0.25402015447616577
-100.0,0.29,3.7653231620788574,0.2577664852142334
-100.0,0.29,3.805865526199341,0.2749771773815155
-100.0,0.29,4.059721946716309,0.1996954083442688
-17.0,0.3,3.8525748252868652,0.1519697606563568
-100.0,0.3,3.8519136905670166,0.29121291637420654
-100.0,0.29,4.003732204437256,0.21761104464530945
-100.0,0.29,3.536410093307495,0.2247464656829834
-100.0,0.29,3.8308377265930176,0.20809322595596313
-100.0,0.29,4.489077568054199,0.19490459561347961
-100.0,0.29,3.1713008880615234,0.1887468695640564
-100.0,0.29,4.232450008392334,0.21192654967308044
-100.0,0.29,3.7717771530151367,0.20304898917675018
-100.0,0.29,3.9038209915161133,0.1962730437517166
-19.0,0.3,3.7727229595184326,0.2263178527355194
-97.0,0.3,3.845935344696045,0.20845603942871094
-100.0,0.29,4.161359786987305,0.24420008063316345
-100.0,0.28,3.9144909381866455,0.19172269105911255
-100.0,0.27,4.23132848739624,0.15440025925636292
-100.0,0.27,4.062687397003174,0.22423960268497467
-97.0,0.27,3.7620744705200195,0.22852034866809845
-16.0,0.28,3.692096471786499,0.2075943797826767
-100.0,0.27,3.8174962997436523,0.27893581986427307
-100.0,0.27,3.646533966064453,0.2757643163204193
-15.0,0.27,3.848970413208008,0.2603617310523987
-100.0,0.27,4.198421955108643,0.22876930236816406
-99.0,0.27,3.967439651489258,0.194647416472435
-100.0,0.26,4.003365516662598,0.20336593687534332
-100.0,0.26,3.8110744953155518,0.1982596218585968
-100.0,0.26,3.751274585723877,0.2121991217136383
-100.0,0.26,3.439037322998047,0.2280082255601883
-100.0,0.26,3.7840352058410645,0.2075188010931015
-100.0,0.25,3.5370116233825684,0.18387478590011597
-100.0,0.25,3.7201027870178223,0.19960780441761017
-100.0,0.24,3.7505359649658203,0.17160966992378235
-100.0,0.24,3.5506019592285156,0.241006538271904
-100.0,0.23,3.9301257133483887,0.30347153544425964
-100.0,0.22,3.6148626804351807,0.2402987778186798
-100.0,0.22,3.2843332290649414,0.1534242331981659
-12.0,0.23,3.734802722930908,0.19750726222991943
-100.0,0.22,3.912358045578003,0.217303067445755
-100.0,0.22,3.8419528007507324,0.24084711074829102
-100.0,0.22,3.8165574073791504,0.1554708480834961
-14.0,0.23,3.7400670051574707,0.19511374831199646
-100.0,0.22,3.7692456245422363,0.21590447425842285
-100.0,0.22,2.893219232559204,0.26148462295532227
-100.0,0.22,3.3859782218933105,0.19956018030643463
-100.0,0.21,3.781951904296875,0.19447895884513855
-100.0,0.21,3.360875368118286,0.20411837100982666
-100.0,0.2,3.991636037826538,0.16249412298202515
-16.0,0.21,4.242210388183594,0.24144721031188965
-100.0,0.21,3.256700038909912,0.2478843331336975
-100.0,0.21,3.750619411468506,0.17259372770786285
-100.0,0.2,4.215797424316406,0.17011931538581848
-100.0,0.19,3.7229230403900146,0.2356928586959839
-100.0,0.19,3.0816874504089355,0.1940082609653473
-100.0,0.19,3.8706488609313965,0.16239924728870392
-100.0,0.19,3.9103755950927734,0.19202885031700134
-100.0,0.19,3.7042603492736816,0.12193179130554199
-100.0,0.18,3.742631673812866,0.20176729559898376
-96.0,0.18,4.379419326782227,0.22034505009651184
-14.0,0.19,3.6484782695770264,0.1879422515630722
-97.0,0.19,3.868661403656006,0.22103244066238403
-100.0,0.18,4.012061595916748,0.2377106249332428
-100.0,0.18,3.7145612239837646,0.15282189846038818
-100.0,0.18,3.286403179168701,0.2045246958732605
-100.0,0.18,4.293397426605225,0.23105868697166443
-100.0,0.17,3.936521053314209,0.1896408051252365
-100.0,0.17,4.007044315338135,0.284127414226532
-100.0,0.17,4.095054626464844,0.23779194056987762
-100.0,0.17,4.1793532371521,0.19426937401294708
-11.0,0.18,4.508669853210449,0.21988636255264282
-14.0,0.19,4.076690673828125,0.21355485916137695
-92.0,0.18,3.960366725921631,0.22715502977371216
-10.0,0.19,3.746366500854492,0.19266873598098755
-100.0,0.19,3.7903475761413574,0.2738580107688904
-100.0,0.18,3.660322666168213,0.1872684806585312
-14.0,0.18,3.646909713745117,0.19745948910713196
-14.0,0.19,3.7694406509399414,0.20281381905078888
-97.0,0.19,3.554644823074341,0.18547163903713226
-100.0,0.19,3.4128775596618652,0.2423781305551529
-100.0,0.19,3.674604654312134,0.2403629720211029
-100.0,0.18,4.247467517852783,0.1750382035970688
-100.0,0.18,3.7811222076416016,0.18661296367645264
-100.0,0.17,3.568154811859131,0.2195877730846405
-100.0,0.16,3.3341028690338135,0.18867936730384827
-100.0,0.16,3.849290370941162,0.2277902513742447
-15.0,0.17,3.270826578140259,0.3242115378379822
-11.0,0.18,3.2114717960357666,0.3005659878253937
-100.0,0.18,4.044126510620117,0.22030621767044067
-100.0,0.18,3.9357283115386963,0.2247791290283203
-100.0,0.18,4.479933738708496,0.24638116359710693
-100.0,0.17,4.225275993347168,0.18453684449195862
-100.0,0.17,4.030367851257324,0.18662521243095398
-100.0,0.16,3.4357852935791016,0.21306663751602173
-100.0,0.16,4.00065279006958,0.23303569853305817
-100.0,0.16,4.163231372833252,0.24931643903255463
-17.0,0.17,3.4271507263183594,0.22867043316364288
-20.0,0.18,3.813210964202881,0.15058311820030212
-18.0,0.18,3.6656508445739746,0.18408304452896118
-11.0,0.19,3.7373340129852295,0.26959097385406494
-100.0,0.19,3.2763469219207764,0.1915636658668518
-100.0,0.19,3.441925048828125,0.19698145985603333
-14.0,0.2,3.6799778938293457,0.18808676302433014
-100.0,0.19,3.4626705646514893,0.21374358236789703
-100.0,0.19,3.773157835006714,0.19344881176948547
-100.0,0.19,3.6278860569000244,0.229582279920578
-18.0,0.2,3.903453826904297,0.1506773829460144
-15.0,0.21,3.9417996406555176,0.1315544843673706
-100.0,0.21,4.3271164894104,0.1962890326976776
-100.0,0.21,3.8139266967773438,0.19449745118618011
-14.0,0.22,4.038193702697754,0.17153838276863098
-20.0,0.23,3.8988301753997803,0.1972387284040451
-100.0,0.23,3.6817610263824463,0.16500748693943024
-84.0,0.22,3.879237651824951,0.20852136611938477
-100.0,0.22,4.008818626403809,0.1942121386528015
-12.0,0.23,3.8799543380737305,0.11965985596179962
-100.0,0.23,3.790112018585205,0.14684656262397766
-100.0,0.23,4.1013078689575195,0.28420835733413696
-100.0,0.23,3.7688679695129395,0.23620843887329102
-100.0,0.23,3.385155439376831,0.22579042613506317
-100.0,0.22,3.84916353225708,0.2496863305568695
-19.0,0.23,3.7575268745422363,0.19022728502750397
-98.0,0.23,3.669417381286621,0.2187354862689972
-100.0,0.22,3.932647466659546,0.32917308807373047
-100.0,0.22,3.2386789321899414,0.31669193506240845
-100.0,0.22,3.70955491065979,0.18574899435043335
-98.0,0.22,4.135368824005127,0.24776294827461243
-100.0,0.22,3.675118923187256,0.21113169193267822
-14.0,0.23,4.51750373840332,0.2325521856546402
-100.0,0.23,4.201303005218506,0.20154154300689697
-13.0,0.24,3.563189744949341,0.23625729978084564
-100.0,0.24,3.941948413848877,0.20443354547023773
-100.0,0.24,3.705411195755005,0.2455560266971588
-98.0,0.24,3.733490467071533,0.2075181007385254
-100.0,0.24,3.754122734069824,0.21794109046459198
-100.0,0.24,4.332599639892578,0.3680060803890228
-100.0,0.24,4.303503036499023,0.45330730080604553
-14.0,0.25,4.096169471740723,0.31407588720321655
-100.0,0.24,4.200530052185059,0.22140245139598846
-95.0,0.24,4.244510173797607,0.19349032640457153
-17.0,0.25,3.762223243713379,0.18918320536613464
-72.0,0.25,4.357570171356201,0.30841806530952454
-100.0,0.24,4.030138969421387,0.33126401901245117
-100.0,0.24,4.454843521118164,0.2799561619758606
-100.0,0.24,4.054468154907227,0.26733577251434326
-100.0,0.24,3.9303765296936035,0.30699872970581055
-11.0,0.25,3.3980090618133545,0.2136695384979248
-13.0,0.26,3.942315101623535,0.22286930680274963
-100.0,0.26,3.236246109008789,0.23104819655418396
-100.0,0.25,3.691502809524536,0.3191286325454712
-100.0,0.25,3.7748804092407227,0.3198988139629364
-14.0,0.26,4.080581188201904,0.22052887082099915
-97.0,0.26,3.5230181217193604,0.23828661441802979
-100.0,0.26,3.5333118438720703,0.24918314814567566
-100.0,0.26,3.6426444053649902,0.3054947555065155
-100.0,0.26,3.6469407081604004,0.2206086814403534
-15.0,0.27,3.5238099098205566,0.25248634815216064
-16.0,0.28,3.7950286865234375,0.2788280248641968
-100.0,0.28,4.043041229248047,0.25057852268218994
-100.0,0.28,4.138288497924805,0.22257819771766663
-100.0,0.27,4.2951812744140625,0.21576577425003052
-11.0,0.28,3.570373058319092,0.2531437277793884
-100.0,0.28,3.5099053382873535,0.2220921814441681
-100.0,0.28,3.9461276531219482,0.2168181836605072
-97.0,0.28,3.8231871128082275,0.26369088888168335
-100.0,0.28,4.078522205352783,0.29886960983276367
-100.0,0.28,3.9529998302459717,0.26495838165283203
-12.0,0.29,4.270160675048828,0.2779865562915802
-100.0,0.29,4.507079124450684,0.24607360363006592
-18.0,0.3,4.060930252075195,0.2878631353378296
-59.0,0.3,4.030423641204834,0.2438456267118454
-100.0,0.29,4.149381160736084,0.22137784957885742
-100.0,0.29,3.720235586166382,0.18933124840259552
-100.0,0.28,4.150209903717041,0.24599085748195648
-100.0,0.28,3.772583484649658,0.20143665373325348
-99.0,0.28,3.6724560260772705,0.16289518773555756
-100.0,0.27,3.7784695625305176,0.2234422266483307
-100.0,0.26,3.7455925941467285,0.2520584464073181
-100.0,0.26,3.9452099800109863,0.1586536467075348
-100.0,0.26,3.8671183586120605,0.19916199147701263
-100.0,0.26,4.026159286499023,0.23038175702095032
-99.0,0.26,3.816560745239258,0.21475009620189667
-100.0,0.26,4.089322090148926,0.2439931184053421
-100.0,0.26,3.4964137077331543,0.25982362031936646
-100.0,0.26,4.1699066162109375,0.2332468032836914
-100.0,0.26,3.778482437133789,0.21450641751289368
-100.0,0.25,3.9198250770568848,0.20974761247634888
-100.0,0.24,3.7419469356536865,0.1907038390636444
-100.0,0.24,3.7629919052124023,0.23425355553627014
-100.0,0.24,3.867574691772461,0.21696612238883972
-100.0,0.24,3.905850887298584,0.16162484884262085
-100.0,0.24,4.006566047668457,0.20805072784423828
-100.0,0.24,3.8164472579956055,0.16563332080841064
-100.0,0.24,4.287188529968262,0.1920756697654724
-99.0,0.24,3.962174892425537,0.26244938373565674
-13.0,0.25,4.3139262199401855,0.18919211626052856
