reward,actor_loss,q_loss,success
-127.16518862556715,2.6370439529418945,2.5153651237487793,0
-134.82338907599413,2.3615808486938477,0.9249697327613831,0
-150.23238729386475,1.6876916885375977,0.6984274387359619,0
-131.26424703819558,1.3876032829284668,0.2893170714378357,0
-125.4900325682881,1.6904256343841553,0.31734225153923035,0
-54.09179684458139,1.780205249786377,0.14970353245735168,0
-66.52766570110384,1.720280408859253,0.15373802185058594,0
-39.260911127350504,1.3040748834609985,0.1745595633983612,0
-39.736117759264765,1.504494309425354,0.1586226373910904,0
-25.62077175182538,1.887110948562622,0.14049935340881348,0
-44.384344403005876,1.8264000415802002,0.12634512782096863,0
-39.79615531019978,1.7454571723937988,0.11018215864896774,0
-20.31265350152488,1.436980962753296,0.11022230237722397,0
-42.5888446228504,1.358069658279419,0.11217793077230453,0
-43.85190630005056,1.4859271049499512,0.09793709218502045,0
-43.025975181304666,1.4824855327606201,0.09268788248300552,0
-39.698528269108586,1.5087988376617432,0.06354425847530365,0
-40.569785719327406,1.4520988464355469,0.06897803395986557,0
-27.17065182593577,1.4262017011642456,0.05704037472605705,0
-29.087504341840226,1.5863916873931885,0.04827316850423813,0
-31.784288196563622,1.5922927856445312,0.06106657534837723,0
-26.386443162305273,1.4758286476135254,0.05222196877002716,0
-29.383431070850076,1.4784257411956787,0.05733427032828331,0
-28.79471330409065,1.5343239307403564,0.04841790348291397,0
-31.204697405388174,1.4706530570983887,0.04956333339214325,0
-15.299691958677736,1.3124905824661255,0.039526600390672684,0
-31.388058320518294,1.3409295082092285,0.050662893801927567,0
-28.14412599441864,1.4474109411239624,0.06519712507724762,0
-17.23365955198013,1.6340118646621704,0.03946486860513687,0
-12.789230842784619,1.6873356103897095,0.06302593648433685,0
-22.14507008959931,1.5385699272155762,0.08039061725139618,0
-14.470110931505104,1.4443247318267822,0.04833860322833061,0
-20.838223354466805,1.5276768207550049,0.07414434850215912,0
-14.67675095737062,1.5598902702331543,0.11792796850204468,0
-11.802910947433384,1.6690802574157715,0.09020554274320602,0
-24.457382886166066,1.957914113998413,0.056120164692401886,0
-19.718829071736586,2.042145252227783,0.10592732578516006,0
-16.37691731768974,1.9874391555786133,0.1610535830259323,0
-7.98136091838804,1.746677279472351,0.13686013221740723,0
-12.40920682915128,1.7272911071777344,0.06618630886077881,0
-27.95596867544133,1.6139849424362183,0.06440477818250656,0
-22.586294977639596,1.4577367305755615,0.08481192588806152,0
-11.363558079473941,1.422377586364746,0.08856058120727539,0
-22.257217144528525,1.5810930728912354,0.05399244278669357,0
-10.55671731288386,1.6732125282287598,0.031209800392389297,0
-12.955960167860951,1.6396619081497192,0.04798320308327675,0
-32.851052812268286,1.4748916625976562,0.04030225798487663,0
-15.74487387887386,1.4492905139923096,0.035978902131319046,0
-14.338828764366347,1.5991802215576172,0.05356697738170624,0
-17.54896519212914,1.730279803276062,0.04683849588036537,0
-12.216273451067822,1.7744303941726685,0.04391918331384659,0
-22.256207018507443,1.6642948389053345,0.04943051189184189,0
-12.014121601789133,1.6901774406433105,0.042642831802368164,0
-6.655294264071413,1.6979262828826904,0.04963662847876549,0
-27.67427060030865,1.581007719039917,0.05251643434166908,0
-14.180271758805246,1.70804762840271,0.03646360710263252,0
-13.777121020171684,1.7437617778778076,0.04737338051199913,0
-15.598334603741788,1.630204439163208,0.047466814517974854,0
-18.357118153369385,1.4998531341552734,0.03473883867263794,0
-6.372688234424683,1.515052080154419,0.039886608719825745,0
-21.405630880224024,1.573214054107666,0.06078886240720749,0
-13.419662312485206,1.7034916877746582,0.04510084167122841,0
-22.88070296686656,1.7665963172912598,0.03530231863260269,0
-20.291330277070823,1.7309281826019287,0.04120779037475586,0
-15.392507325267665,1.6714658737182617,0.03767814487218857,0
-13.697104901653418,1.6902445554733276,0.030093148350715637,0
-8.911195097448143,1.664276123046875,0.03140345215797424,0
-14.217507043023401,1.7024543285369873,0.031073883175849915,0
-6.491645506079902,1.6705036163330078,0.024706538766622543,0
-11.76084160352684,1.5765817165374756,0.028974158689379692,0
-11.889153434885383,1.6164135932922363,0.02914823777973652,0
-15.564588193877869,1.8371044397354126,0.02662552148103714,0
-7.0908787662223505,1.9019124507904053,0.05373585969209671,0
-6.66099270268525,1.7928004264831543,0.06415316462516785,0
-6.302642123308779,1.6306498050689697,0.0358300618827343,0
-10.685157650101347,1.6013232469558716,0.047566670924425125,0
-15.473844607989047,1.7782886028289795,0.052002616226673126,0
-6.72593287780957,1.8637381792068481,0.03915189206600189,0
-15.473774757915752,1.827898621559143,0.03231501579284668,0
-6.377495637687637,1.8003838062286377,0.027640564367175102,0
-6.8134840001053565,1.7187259197235107,0.03134655952453613,0
-14.61630798277333,1.8244593143463135,0.02241854928433895,0
-23.06486154693073,1.8593899011611938,0.03642772510647774,0
-19.091354813557803,1.7007665634155273,0.04668040573596954,0
-12.530213205488554,1.8530616760253906,0.025878410786390305,0
-6.6421274758882,1.9237231016159058,0.04354613274335861,0
-21.82091426402651,1.89302396774292,0.05965951085090637,0
-7.526586533710775,1.817810297012329,0.03907175362110138,0
-18.275982053957723,1.7867915630340576,0.029815932735800743,0
-16.763613479056158,1.671260952949524,0.04116317257285118,0
-15.560153677327403,1.7565704584121704,0.04090111702680588,0
-11.988306060122985,1.9288251399993896,0.02689700946211815,0
-24.21946134835278,1.936964750289917,0.03372492641210556,0
-14.988426528716667,1.8390631675720215,0.04480950906872749,0
-10.724991133404197,1.661147952079773,0.02095569670200348,0
-19.17417371999374,1.5781502723693848,0.03256428986787796,0
-5.02143169934578,1.7173941135406494,0.05215582251548767,0
-8.334957367286796,1.860485315322876,0.040374889969825745,0
-8.43628378626352,1.8987698554992676,0.025443818420171738,0
-12.966418934064649,1.9757766723632812,0.02753765508532524,0
-5.761450332760705,1.9299720525741577,0.03646091744303703,0
-13.22979454936668,1.8035838603973389,0.030597055330872536,0
-17.151340129644513,1.8855319023132324,0.02052561193704605,0
-5.626702565651225,1.8293800354003906,0.025577927008271217,0
-15.2366227521663,1.8940708637237549,0.020053131505846977,0
-9.708440926520627,1.9056165218353271,0.029268840327858925,0
-7.924020094386714,1.9575459957122803,0.02279714122414589,0
-8.398941628231892,1.9391194581985474,0.028694089502096176,0
-14.234621168317501,1.8175468444824219,0.03198619559407234,0
-19.642970464835873,1.906503438949585,0.02142147347331047,0
-17.345925189443236,1.9583923816680908,0.024758048355579376,0
-8.866870318691145,1.8949990272521973,0.022713802754878998,0
-14.818561972978372,1.773343563079834,0.017021607607603073,0
-13.025743016004554,1.743390440940857,0.030511192977428436,0
-19.077839013309873,1.8430628776550293,0.0299398060888052,0
-16.677251807077486,1.9944610595703125,0.0138368746265769,0
-6.100122294508236,1.9614897966384888,0.023598503321409225,0
-22.205669468788713,1.8516607284545898,0.020457755774259567,0
-5.822200273079573,1.767595887184143,0.02041957899928093,0
-9.682400269174995,1.9475517272949219,0.021454136818647385,0
-8.638618862579767,1.9743196964263916,0.0238942988216877,0
-7.3044204034460485,2.003976821899414,0.022993113845586777,0
-19.012181522895588,1.9601088762283325,0.02534400299191475,0
-9.961820243977508,2.027519702911377,0.02053890749812126,0
-19.105954176243443,2.0619282722473145,0.030437353998422623,0
-8.10893754637574,1.910051703453064,0.030742967501282692,0
-12.160909126807047,2.0592949390411377,0.013881538063287735,0
-6.986611236124275,2.0716092586517334,0.027845431119203568,0
-19.073139632086473,1.9506447315216064,0.02709611877799034,0
-19.936099593504494,1.8892483711242676,0.011074996553361416,0
-6.222504996344443,1.8653312921524048,0.02543756738305092,0
-24.189621289060234,1.862133502960205,0.03925594687461853,0
-14.342081482339582,2.032533884048462,0.019879072904586792,0
-10.990162883512879,2.0463953018188477,0.016805194318294525,0
-11.855820826980851,2.0029921531677246,0.02428518608212471,0
-13.50407032380759,1.933853030204773,0.01475672796368599,0
-6.624713291804771,1.9680756330490112,0.03140005096793175,0
-7.482362253365634,1.974273681640625,0.04097431153059006,0
-30.407362785940162,2.096395969390869,0.020439686253666878,0
-23.8898058564514,2.1744613647460938,0.025327090173959732,0
-8.347648848161318,2.180645227432251,0.038851696997880936,0
-20.22854188859908,1.957625389099121,0.023866770789027214,0
-14.247244588851004,1.9581611156463623,0.012141447514295578,0
-18.885359661892338,1.95359468460083,0.016425902023911476,0
-12.827738831944533,2.0962655544281006,0.009389172308146954,0
-15.92061324372647,2.0893664360046387,0.01667708158493042,0
-17.222656137442723,1.9519782066345215,0.016336025670170784,0
-27.69111770613558,2.0355515480041504,0.012632527388632298,0
-11.647601822906061,1.9420504570007324,0.017028801143169403,0
-22.247760137146756,2.1218605041503906,0.01202242262661457,0
-15.796847997777828,2.0876312255859375,0.017947200685739517,0
-14.110147430060078,1.994523048400879,0.013523202389478683,0
-16.933369913597716,2.0050606727600098,0.01836245507001877,0
-5.504355415300216,2.0736513137817383,0.01885135844349861,0
-19.35069873855156,2.1380467414855957,0.012624014168977737,0
-6.854077488545169,2.080545425415039,0.014935925602912903,0
-7.912224314659119,2.052468776702881,0.010691053234040737,0
-7.07728076497595,1.962173342704773,0.015062560327351093,0
-7.459417406414689,2.033628463745117,0.0143474992364645,0
-7.672375004837695,2.1344990730285645,0.010350632481276989,0
-16.913856098977867,2.0674142837524414,0.018129242584109306,0
-16.811095797738425,1.9006855487823486,0.01042112521827221,0
-9.393873421862192,2.0045788288116455,0.0244627483189106,0
-6.514369199563173,2.1522653102874756,0.02234991267323494,0
-18.670025592337208,2.125606060028076,0.016324449330568314,0
-6.040146413344213,2.1541435718536377,0.01619536429643631,0
-6.868248964320569,2.0755233764648438,0.01675647683441639,0
-11.691291515400453,2.222175359725952,0.011844152584671974,0
-17.036802559122783,2.2377021312713623,0.02886730432510376,0
-24.711572141548533,2.0523533821105957,0.027850229293107986,0
-21.206274617467788,2.1561954021453857,0.009632555767893791,0
-13.206609970738526,2.138479709625244,0.015730416402220726,0
-22.582292205734504,2.091242790222168,0.011498131789267063,0
-28.342409104602204,2.114574909210205,0.01592814363539219,0
-16.206331485472838,2.2018234729766846,0.014222215861082077,0
-8.443720743402393,2.172091245651245,0.017198503017425537,0
-5.643574987050035,2.1068737506866455,0.014382044784724712,0
-5.379702842669387,2.106961488723755,0.011200698092579842,0
-23.25585640176234,2.2631592750549316,0.009723824448883533,0
-11.291012657398413,2.211885452270508,0.014469043351709843,0
-13.770126990350686,2.0676310062408447,0.010627636685967445,0
-14.892937550152293,2.131152629852295,0.010857434943318367,0
-8.357332332128443,2.1811201572418213,0.00997607409954071,0
-17.58471634111565,2.2078258991241455,0.010736360214650631,0
-7.220270111465997,2.173368215560913,0.010194433853030205,0
-11.423363741869494,2.0530383586883545,0.009551743976771832,0
-5.682160163929469,2.1932413578033447,0.010973785072565079,0
-15.813490993540482,2.215895891189575,0.013385096564888954,0
-16.085193661088937,2.1527421474456787,0.012438843958079815,0
-21.30468414300734,2.158691644668579,0.01377179753035307,0
-11.019093078041623,2.225916862487793,0.009954912588000298,0
-18.309272975881708,2.2667033672332764,0.013739224523305893,0
-24.573511508536114,2.1915175914764404,0.01168283075094223,0
-4.990773190225722,2.120023727416992,0.010373450815677643,0
-15.483189054915465,2.290097236633301,0.010517815127968788,0
-23.812782131572636,2.2288765907287598,0.010833537206053734,0
-25.918126717472614,2.141099214553833,0.011401008814573288,0
-6.602051305724284,2.258695363998413,0.008464299142360687,0
-15.677499037880903,2.1756367683410645,0.014356447383761406,0
-17.956135916516985,2.20237398147583,0.00733046792447567,0
-5.841729280290309,2.320822238922119,0.02705555595457554,0
-9.957741200770204,2.2664670944213867,0.034568555653095245,0
-16.509071863271416,2.3269472122192383,0.013291850686073303,0
-26.052106412624205,2.2493643760681152,0.029505711048841476,0
-11.050574219435294,2.156482696533203,0.036165378987789154,0
-19.989995398815463,2.134056806564331,0.027694085612893105,0
-11.915343676994121,2.320321559906006,0.024253882467746735,0
-7.609134998161106,2.339805841445923,0.01699461042881012,0
-7.123589850096048,2.3019795417785645,0.027772478759288788,0
-18.505207464834136,2.109466075897217,0.016973089426755905,0
-6.814991116293062,2.083136558532715,0.014338919892907143,0
-5.139613444105198,2.205892324447632,0.019972577691078186,0
-6.1557953648028,2.3019347190856934,0.007652590982615948,0
-7.018173452947579,2.265734910964966,0.014783136546611786,0
-15.384960438366303,2.198977470397949,0.013888640329241753,0
-7.0233113946991015,2.2318525314331055,0.008034683763980865,0
-5.9672743396730485,2.1668105125427246,0.011004922911524773,0
-5.6765592003231005,2.290931224822998,0.00813882052898407,0
-16.54263156149029,2.276492118835449,0.013512585312128067,0
-18.863859809719457,2.0930140018463135,0.009204402565956116,0
-19.62559885361695,2.1107406616210938,0.022895149886608124,0
-14.577183957095448,2.2354698181152344,0.02401166595518589,0
-12.975278984415107,2.290280818939209,0.012240102514624596,0
-9.656619301364431,2.388181209564209,0.014181280508637428,0
-11.380066709986268,2.306987762451172,0.0193562563508749,0
-12.154965383127301,2.296649932861328,0.011845089495182037,0
-7.535802379482604,2.2744011878967285,0.015979118645191193,0
-11.917156486277655,2.18388032913208,0.018773963674902916,0
-16.275335017731948,2.378782272338867,0.011411506682634354,0
-8.524913065737424,2.376293182373047,0.014590520411729813,0
-15.466413296217407,2.3127384185791016,0.019616667181253433,0
-15.623558613653024,2.0909221172332764,0.007751093711704016,0
-7.3839559671519845,2.123476505279541,0.019994504749774933,0
-9.285678852756439,2.2778592109680176,0.023858409374952316,0
-13.991342494075079,2.4348697662353516,0.011014053598046303,0
-24.055876363521246,2.4608840942382812,0.017842372879385948,0
-29.60912738478733,2.303323984146118,0.02735215052962303,0
-7.221398008633915,2.257577419281006,0.013160273432731628,0
-22.129868788929677,2.2253224849700928,0.010096123442053795,0
-14.981401056937138,2.1774113178253174,0.01662476919591427,0
-7.401867481512845,2.4009408950805664,0.008156167343258858,0
-22.347448810003094,2.4663233757019043,0.015118509531021118,0
-12.647797128220276,2.32949161529541,0.022418931126594543,0
-19.494457406675334,2.2138333320617676,0.009246442466974258,0
-5.099178429206797,2.314788341522217,0.016391735523939133,0
-8.425226385143139,2.3075172901153564,0.025315262377262115,0
-14.871296955910758,2.4039387702941895,0.01546418946236372,0
-9.022925441242664,2.471362590789795,0.009583326987922192,0
-19.2051994971738,2.316649913787842,0.012958130799233913,0
-17.637645675452756,2.243940830230713,0.007182058412581682,0
-7.408365578562584,2.2616281509399414,0.01674303598701954,0
-5.396504115101431,2.3148083686828613,0.01808335818350315,0
-13.605567331848109,2.371699094772339,0.007451537065207958,0
-12.628933544410032,2.4564273357391357,0.017722802236676216,0
-16.618542175044706,2.379333257675171,0.025798480957746506,0
-32.002576837354695,2.355147361755371,0.01255987212061882,0
-18.504873915143556,2.2600927352905273,0.011392276734113693,0
-23.919748555391948,2.1383461952209473,0.020089788362383842,0
-22.284577736664613,2.2956085205078125,0.0146022355183959,0
-13.905598669978579,2.360966682434082,0.006903165951371193,0
-6.043820648893913,2.2991628646850586,0.010085856541991234,0
-25.91881967697808,2.2824244499206543,0.005869009997695684,0
-19.670825023449147,2.2526297569274902,0.008967235684394836,0
-24.23368707532802,2.398256778717041,0.008880259469151497,0
-7.619982822605039,2.434804916381836,0.012016872875392437,0
-15.881872706757045,2.2519030570983887,0.009585721418261528,0
-25.758190940899148,2.312840700149536,0.010426362976431847,0
-7.284386807375022,2.359934091567993,0.012048421427607536,0
-8.2708858954642,2.37384295463562,0.008618478663265705,0
-24.75104040132719,2.4010190963745117,0.0153576098382473,0
-13.633223239891823,2.415853500366211,0.015894876793026924,0
-14.246481862071839,2.3219504356384277,0.009377180598676205,0
-20.360238363788152,2.2665295600891113,0.008449528366327286,0
-22.892523650166883,2.3014087677001953,0.012981959618628025,0
-14.238324560844584,2.5242743492126465,0.006363573484122753,0
-5.1828837874381914,2.512558937072754,0.0226476788520813,0
-5.610166370666503,2.356337785720825,0.01859831064939499,0
-5.59310178318601,2.241427421569824,0.013204274699091911,0
-9.905675719452596,2.463564395904541,0.012387258931994438,0
-22.858083846941227,2.4189209938049316,0.013852154836058617,0
-18.532701685890878,2.4173669815063477,0.011666452512145042,0
-22.767702187577804,2.435281753540039,0.014633012935519218,0
-8.797314290389702,2.3307676315307617,0.015069855377078056,0
-16.570512172023946,2.367885112762451,0.009221233427524567,0
-17.005484196043604,2.2942278385162354,0.006200761999934912,0
-11.33893874345909,2.3722190856933594,0.014872455969452858,0
-19.002498693841694,2.4658474922180176,0.01078622043132782,0
-11.743324605674363,2.4450223445892334,0.01400737278163433,0
-27.32447412106125,2.2832679748535156,0.0147240050137043,0
-12.530097341767425,2.385739326477051,0.010209768079221249,0
-15.058800676809456,2.439919948577881,0.0103960782289505,0
-8.150318618833305,2.4278488159179688,0.014268121682107449,0
-12.587396575419907,2.368946075439453,0.011819792911410332,0
-7.882598161044341,2.3649017810821533,0.011710741557180882,0
-11.394243442953151,2.42525053024292,0.01091187447309494,0
-6.257708699245864,2.423264980316162,0.011886490508913994,0
-12.201050945948753,2.431821823120117,0.011121785268187523,0
-19.511141898414174,2.3790297508239746,0.014002700336277485,0
-16.511525757245224,2.4594790935516357,0.011332297697663307,0
-18.916715133700393,2.4453766345977783,0.010434523224830627,0
-6.6599232897314495,2.4051711559295654,0.009379841387271881,0
-18.672541348246476,2.378493070602417,0.01199332531541586,0
-28.220857960552898,2.4876208305358887,0.01125925313681364,0
-10.650876934976921,2.4653120040893555,0.010856503620743752,0
-7.184525865498817,2.329742193222046,0.009869389235973358,0
-13.48063034805866,2.405244827270508,0.012651889584958553,0
-8.088653835495652,2.484372615814209,0.010825345292687416,0
-22.20115985060192,2.537475824356079,0.009103567339479923,0
-24.398836156811115,2.378539562225342,0.0071452283300459385,0
-7.589203505906844,2.415632963180542,0.012475392781198025,0
-13.998494967037054,2.4534642696380615,0.010324431583285332,0
-10.882502196200086,2.416191577911377,0.009011596441268921,0
-14.84009230714817,2.4051380157470703,0.007979333400726318,0
-18.33054947764658,2.4307751655578613,0.011884219944477081,0
-5.405096584356766,2.4320082664489746,0.010209236294031143,0
-15.478198244357122,2.47100567817688,0.007561736740171909,0
-8.934585204865307,2.4020605087280273,0.00630898866802454,0
-18.78902837683122,2.4042351245880127,0.011692127212882042,0
-5.97527196303987,2.5005407333374023,0.010710365138947964,0
-5.002495617074463,2.50209903717041,0.007014893926680088,0
-19.218202418054897,2.481109142303467,0.006138128228485584,0
-29.196949897229608,2.432467222213745,0.012451058253645897,0
-23.503753287609683,2.4726390838623047,0.011027676053345203,0
-18.133009994577286,2.4744606018066406,0.005815734155476093,0
-24.613550277743975,2.4241366386413574,0.005358274094760418,0
-21.65663483027082,2.430975914001465,0.014185121282935143,0
-10.83061295063614,2.5335474014282227,0.013251734897494316,0
-5.923608733301156,2.525238513946533,0.0058241356164216995,0
-16.27379179447465,2.4597668647766113,0.004758503288030624,0
-17.62738413364714,2.426975727081299,0.00984947569668293,0
-13.410801555271487,2.532395601272583,0.006295970641076565,0
-21.363889676133077,2.571087121963501,0.013295833952724934,0
-4.132352182123421,2.4839727878570557,0.014610739424824715,0
-18.102360125909417,2.419874668121338,0.0038528856821358204,0
-8.3366783125513,2.518545627593994,0.007112506777048111,0
-5.937091267727305,2.4755349159240723,0.0045215049758553505,0
-5.312638224052528,2.548567295074463,0.004635882098227739,0
-7.395247541200164,2.433195114135742,0.004464820958673954,0
-12.909430252184531,2.4865636825561523,0.005398864392191172,0
-9.973451684958171,2.4932589530944824,0.005555597133934498,0
-16.13253046788375,2.4614720344543457,0.005346199497580528,0
-30.06781011473724,2.5100550651550293,0.004921075887978077,0
-32.9824672346057,2.4713330268859863,0.004953225143253803,0
-25.778817796434936,2.500976085662842,0.004562033340334892,0
-6.182306354182511,2.447263717651367,0.004129776731133461,0
-5.457098909990352,2.492316246032715,0.004630268085747957,0
-21.09755459731238,2.505038261413574,0.003445576410740614,0
-22.745765637111766,2.6018424034118652,0.003831472247838974,0
-9.574320933400895,2.5163326263427734,0.0033112477976828814,0
-16.0003408927405,2.4603042602539062,0.004183213226497173,0
-5.268260486751221,2.6055164337158203,0.0051765162497758865,0
-23.11428582202424,2.481233596801758,0.0057448651641607285,0
-10.142740383932924,2.4715914726257324,0.004145646467804909,0
-17.053310820591413,2.481624126434326,0.004562664777040482,0
-6.163243576575466,2.472242832183838,0.00574868218973279,0
-18.05264386651757,2.5453455448150635,0.004537235014140606,0
-20.592536423722148,2.5324387550354004,0.0044279578141868114,0
-19.31598717489535,2.518765926361084,0.004388109780848026,0
-13.399874603878084,2.452820301055908,0.004421146120876074,0
-12.925920669331282,2.515927314758301,0.003990501631051302,0
-25.030756588401346,2.513894557952881,0.0034947246313095093,0
-25.777193308621467,2.5208606719970703,0.004625643137842417,0
-16.189515184314445,2.532191753387451,0.008377783000469208,0
-3.9117156625892813,2.658529043197632,0.004882862791419029,0
-12.623298543880875,2.6547603607177734,0.016323557123541832,0
-17.67145260759367,2.479959487915039,0.01596565544605255,0
-15.349846461230515,2.477031707763672,0.004763063043355942,0
-20.466212939949983,2.5813727378845215,0.006580045912414789,0
-8.959600200614856,2.5439882278442383,0.005966834723949432,0
-8.310632961767284,2.4522082805633545,0.004716475494205952,0
-19.78174151560311,2.4964396953582764,0.010256394743919373,0
-17.401486009212352,2.6907055377960205,0.006642116233706474,0
-16.563628501183118,2.6859965324401855,0.014650816097855568,0
-18.80129805120403,2.5506863594055176,0.01558683067560196,0
-4.555613808715053,2.500333070755005,0.0038486409466713667,0
-18.924808568765204,2.512887716293335,0.012699558399617672,0
-11.384163081192156,2.61190128326416,0.006951019633561373,0
-13.89547770385094,2.5792245864868164,0.011377960443496704,0
-15.132579590878956,2.54231595993042,0.01616884022951126,0
-16.57026222100288,2.5146536827087402,0.003372632432729006,0
-6.443640365144378,2.5336971282958984,0.013143200427293777,0
-5.66627935082328,2.5746054649353027,0.009302997030317783,0
-8.310489501955344,2.478111743927002,0.007077857851982117,0
-15.95935043257521,2.5014007091522217,0.007568371947854757,0
-12.520591401471291,2.467060089111328,0.006459665484726429,0
-22.820814457521355,2.568941354751587,0.006123384460806847,0
-16.79302956720711,2.5354251861572266,0.00887734442949295,0
-21.658120161115548,2.5410749912261963,0.008087582886219025,0
-16.460149523051008,2.542226791381836,0.008302880451083183,0
-9.762525232505244,2.60697603225708,0.009243367239832878,0
-9.819659833786204,2.5534567832946777,0.005824690219014883,0
-41.90024103522317,2.5600826740264893,0.00451898667961359,0
-28.518168720625628,2.5753188133239746,0.00863296166062355,0
-15.074025638205686,2.617252826690674,0.007063526660203934,0
-33.14601449949101,2.6678717136383057,0.01079007238149643,0
-10.024313869078966,2.5766279697418213,0.011266922578215599,0
-8.347202073217463,2.5362722873687744,0.0037425276823341846,0
-24.29292788978675,2.564403533935547,0.007581222336739302,0
-14.455058509321923,2.648806095123291,0.004578915424644947,0
-21.568146039484567,2.484020233154297,0.007175533100962639,0
-5.684348654142876,2.5643858909606934,0.005591742694377899,0
-13.64342541344035,2.53958797454834,0.006290491670370102,0
-11.268466840036181,2.5325241088867188,0.006988865323364735,0
-12.5756512423273,2.6378402709960938,0.004054909572005272,0
-4.959737952363557,2.5314526557922363,0.0059063308872282505,0
-10.993472017774106,2.5481789112091064,0.00760259572416544,0
-9.082656346547846,2.680009126663208,0.004420540761202574,0
-21.736089170830667,2.686931848526001,0.012981867417693138,0
-27.842563697445005,2.5219621658325195,0.008146658539772034,0
-15.339713205172762,2.5560708045959473,0.014002976007759571,0
-19.654740137305385,2.60956072807312,0.01612669788300991,0
-12.936396644051909,2.608181953430176,0.0052856686525046825,0
-5.4163451977314185,2.5089330673217773,0.010602101683616638,0
-5.5788609172206085,2.6131348609924316,0.006503173150122166,0
-12.369857783342244,2.6297354698181152,0.01162599679082632,0
-4.984246989176723,2.579298496246338,0.009958744049072266,0
-29.24679238500793,2.5230655670166016,0.0069070360623300076,0
-8.36965545073737,2.620389938354492,0.0073851244524121284,0
-4.036678915065206,2.601025342941284,0.006162756588310003,0
-11.75272325925959,2.558091163635254,0.008640637621283531,0
-19.056620943468964,2.626359462738037,0.004627404734492302,0
-14.777825284648276,2.5978941917419434,0.008781945332884789,0
-12.389038672164801,2.5931684970855713,0.005835222080349922,0
-4.791486082031786,2.584444761276245,0.009374788962304592,0
-17.99611515009376,2.674051523208618,0.007035053335130215,0
-20.274064203002933,2.6813485622406006,0.009038559161126614,0
-5.3975938981478775,2.636195182800293,0.008705115877091885,0
-6.428893918155766,2.572462797164917,0.006024839822202921,0
-26.586690739299907,2.5693435668945312,0.008502595126628876,0
-21.697979586510577,2.754633665084839,0.0038473764434456825,0
-8.81586982407465,2.690049886703491,0.015410955995321274,0
-7.226917437966076,2.4982595443725586,0.01445026509463787,0
-15.123611832782423,2.5711379051208496,0.0047524236142635345,0
-20.67150955601233,2.643136501312256,0.00599693413823843,0
-12.07273281814455,2.5924830436706543,0.007848638109862804,0
-21.270973858574127,2.451361656188965,0.005719111301004887,0
-22.25292608273264,2.6109778881073,0.008993824012577534,0
-5.010121775878504,2.744863271713257,0.008436590433120728,0
-4.68004427807918,2.7114882469177246,0.006205761339515448,0
-16.10278593833235,2.592324733734131,0.007079233415424824,0
-20.47799941484197,2.6967477798461914,0.004163229838013649,0
-4.6735750146066355,2.6545584201812744,0.00863511674106121,0
-23.859881825055105,2.646000385284424,0.0043590255081653595,0
-12.97968826913274,2.6279923915863037,0.019896136596798897,0
-4.6398207024010905,2.4944283962249756,0.023191314190626144,0
-7.202255844159727,2.8019707202911377,0.0050152502954006195,0
-11.871508304481203,2.9023101329803467,0.03383295610547066,0
-15.469297865100048,2.624600887298584,0.048935383558273315,0
-16.063933835719794,2.6204190254211426,0.01989501342177391,0
-9.35229229391394,2.6284890174865723,0.014005436562001705,0
-11.903591165950127,2.658721923828125,0.027287105098366737,0
-21.969243880437357,2.6852498054504395,0.010086936876177788,0
-5.53828363612485,2.7603650093078613,0.015828046947717667,0
-24.7766056350589,2.6851420402526855,0.025923505425453186,0
-20.117097028255113,2.6512320041656494,0.007946602068841457,0
-8.145700261752786,2.676389217376709,0.02226739004254341,0
-4.027209424029394,2.639540195465088,0.039044786244630814,0
-76.02629393736187,2.6184849739074707,0.01867685467004776,0
-4.124128299584286,2.7977771759033203,0.010604659095406532,0
-27.94151815887138,2.629704475402832,0.018077533692121506,0
-26.61950863963091,2.629270315170288,0.007775731850415468,0
-10.111020783409447,2.712136745452881,0.0173979252576828,0
-24.392956037138724,2.6910085678100586,0.025200683623552322,0
-12.96817181046113,2.6670615673065186,0.00745416060090065,0
-16.759462743955105,2.7258219718933105,0.021242808550596237,0
-24.32360972921416,2.7602853775024414,0.03791877627372742,0
-27.656499224553915,2.6297659873962402,0.018779443576931953,0
-20.180298456122557,2.8148980140686035,0.008406560868024826,0
-5.400153656031886,2.6381356716156006,0.016557084396481514,0
-10.549042443587929,2.645200729370117,0.007253152318298817,0
-14.0211539743037,2.686493396759033,0.01602029986679554,0
-13.559646310525023,2.663217544555664,0.02186814695596695,0
-10.63599840415204,2.69870662689209,0.007633198518306017,0
-9.35433777712627,2.7779364585876465,0.01884894259274006,0
-26.66406570284493,2.8089702129364014,0.031158272176980972,0
-10.863120451765452,2.5483593940734863,0.013238509185612202,0
-18.769628586390915,2.529085636138916,0.010040707886219025,0
-8.224451073704802,2.467742919921875,0.019276350736618042,0
-9.925091737003982,2.59548282623291,0.009447089396417141,0
-9.180372825248266,2.7916011810302734,0.01184065081179142,0
-26.219747226494885,2.588179111480713,0.017033260315656662,0
-17.285888232041625,2.496074914932251,0.005209686234593391,0
-5.7838547123958675,2.5503885746002197,0.023436876013875008,0
-7.2092788542910355,2.6250076293945312,0.04124598950147629,0
-4.702122005382375,2.7576904296875,0.01846596784889698,0
-10.791754911460206,2.75026273727417,0.0048911916092038155,0
-6.040381215265715,2.7280874252319336,0.010956181213259697,0
-10.118571374812204,2.6354880332946777,0.005357671063393354,0
-22.81800163912142,2.6053202152252197,0.01612703688442707,0
-13.085207079389981,2.6568665504455566,0.021962745115160942,0
-5.195443195379473,2.768589496612549,0.0062721665017306805,0
-7.207210625321162,2.7629268169403076,0.01901223137974739,0
-10.63638035624952,2.818068027496338,0.038142476230859756,0
-6.354513102911534,2.610623598098755,0.019993852823972702,0
-6.012271823357055,2.673349142074585,0.005380535498261452,0
-15.998368027841297,2.6124775409698486,0.012588104233145714,0
-8.799424031907513,2.6396379470825195,0.008845938369631767,0
-13.683833660491848,2.720963716506958,0.008731680922210217,0
-18.349212068423533,2.685591220855713,0.010307177901268005,0
-18.96959777228736,2.662152051925659,0.003987755160778761,0
-12.102259409517227,2.6661901473999023,0.006734115071594715,0
-30.714887770818983,2.694948673248291,0.00455422792583704,0
-17.944705814291506,2.68019437789917,0.006387711968272924,0
-13.42198690211794,2.6950161457061768,0.003932725638151169,0
-11.863183609850587,2.673520565032959,0.0043842121958732605,0
-32.40946464292581,2.669571876525879,0.005877342075109482,0
-14.651463677654371,2.5672104358673096,0.0038574684876948595,0
-10.964882223615815,2.517483711242676,0.005407311487942934,0
-5.645217666190925,2.7981467247009277,0.0047113350592553616,0
-16.3165200730843,2.6270804405212402,0.006634044460952282,0
-10.546294102603472,2.5980327129364014,0.003672685008496046,0
-21.649933315311717,2.719623565673828,0.005487758666276932,0
-11.046432012963008,2.6077346801757812,0.005473562981933355,0
-12.276445977444448,2.74877667427063,0.005149982403963804,0
-18.981691935627236,2.7215185165405273,0.005693267099559307,0
-9.106256283648628,2.755521297454834,0.004344453569501638,0
-4.312833955504049,2.760737895965576,0.00438665272668004,0
-11.148250641345069,2.6983182430267334,0.006349330767989159,0
-14.471199241551957,2.797457218170166,0.00368989328853786,0
-5.5814854754950884,2.654597282409668,0.006251210812479258,0
-6.233265235660261,2.654694080352783,0.0056701041758060455,0
-21.88434016237062,2.55587100982666,0.00646147970110178,0
-13.890055946079432,2.703094482421875,0.005904742516577244,0
-18.674931977051482,2.6317687034606934,0.011721095070242882,0
-15.650286113399508,2.6729073524475098,0.009923893958330154,0
-9.585527561526378,2.6570310592651367,0.008611775934696198,0
-18.693045040388725,2.7658684253692627,0.007914992049336433,0
-6.0259431750533405,2.763822078704834,0.00705365277826786,0
-13.478380099558564,2.637265682220459,0.006869088858366013,0
-4.902650193792654,2.8458235263824463,0.006053588353097439,0
-21.20421365419247,2.7282919883728027,0.008079931139945984,0
-9.71444554260918,2.726010322570801,0.005179110914468765,0
-6.14131751245235,2.781282424926758,0.013857666403055191,0
-4.105448161149557,2.692966938018799,0.013393847271800041,0
-9.774321383356977,2.707392454147339,0.004706269595772028,0
-41.4274611097356,2.617713689804077,0.0065990714356303215,0
-8.598772803213333,2.7962167263031006,0.006433917675167322,0
-12.574432868891854,2.8740477561950684,0.00426479522138834,0
-17.14643099787092,2.810145854949951,0.006507747806608677,0
-22.510910719489612,2.7806384563446045,0.004747630562633276,0
-9.927786419079471,2.641787528991699,0.006551834288984537,0
-8.192026717044904,2.623837947845459,0.00609443336725235,0
-4.146198502164009,2.76163911819458,0.004291633144021034,0
-17.285785226497055,2.7210049629211426,0.007822326384484768,0
-23.618795282835865,2.704181671142578,0.004304396454244852,0
-5.724533044511997,2.6776773929595947,0.005420398432761431,0
-24.609751192778237,2.56095552444458,0.005410323850810528,0
-23.735299936126907,2.595160961151123,0.003978697583079338,0
-9.867008852491505,2.7355618476867676,0.005713306367397308,0
-9.41414633876064,2.770836353302002,0.003560247365385294,0
-16.195958478785766,2.6978166103363037,0.00438813166692853,0
-22.338738784920864,2.6025304794311523,0.0066466787829995155,0
-20.747732076006475,2.7487237453460693,0.002814087551087141,0
-8.486375682842167,2.758150100708008,0.005504327360540628,0
-20.10065793506027,2.5807361602783203,0.0047818440943956375,0
-14.896896039900902,2.9099175930023193,0.004864429589360952,0
-10.953390266004112,2.621490001678467,0.006521431729197502,0
-4.898944205733212,2.7745466232299805,0.003771892748773098,0
-6.261600175579558,2.6764254570007324,0.007006900385022163,0
-13.640096663311702,2.753048896789551,0.004803669638931751,0
-13.773449942638411,2.707953691482544,0.010435536503791809,0
-23.081732372943303,2.7539522647857666,0.010465416125953197,0
-11.01985641136385,2.7578773498535156,0.00548791978508234,0
-8.463831312410056,2.827920436859131,0.004933740012347698,0
-29.991731885743054,2.6661810874938965,0.0067460560239851475,0
-27.74051211297098,2.7525830268859863,0.0043443613685667515,0
-14.891490258183747,2.855916976928711,0.009504005312919617,0
-13.53779524905654,2.831745147705078,0.008933775126934052,0
-14.730357312097746,2.8030788898468018,0.008651934564113617,0
-14.0170165253711,2.8565077781677246,0.010121130384504795,0
-15.636228939343063,2.5076661109924316,0.008099434897303581,0
-8.846207245753575,2.7346997261047363,0.009396945126354694,0
-13.93586663111357,2.767637014389038,0.0058344462886452675,0
-5.780229856038039,2.9195313453674316,0.011219856329262257,0
-17.89329097190141,2.7988595962524414,0.006524685304611921,0
-10.874716712359987,2.741708755493164,0.014962390065193176,0
-15.711797885901802,2.8343665599823,0.01909712143242359,0
-6.433435425757829,2.7902727127075195,0.005251755937933922,0
-12.02923008494398,2.8150758743286133,0.018560227006673813,0
-5.157529123045952,2.758723735809326,0.022911112755537033,0
-3.9295257534379426,2.674257755279541,0.008836105465888977,0
-13.473024747878085,2.689178466796875,0.015506894327700138,0
-12.161323479469525,2.723832368850708,0.02277851663529873,0
-15.774744057998781,2.7475645542144775,0.012589380145072937,0
-15.233784287948277,2.8158867359161377,0.012488845735788345,0
-20.07255912479744,2.6573657989501953,0.01782691851258278,0
-3.891298469316815,2.7794971466064453,0.008477388881146908,0
-4.452454918977402,2.8057172298431396,0.010319024324417114,0
-18.745560664269036,2.7278294563293457,0.01408428605645895,0
-5.285434481186307,2.9346160888671875,0.0036417865194380283,0
-4.1364382287131045,2.886906147003174,0.014206131920218468,0
-19.073995799539034,2.8461358547210693,0.014516347087919712,0
-8.246547555124637,2.6426939964294434,0.006130165420472622,0
-16.758799382042575,2.782024383544922,0.009774944745004177,0
-12.997512871493962,2.745556116104126,0.01316158939152956,0
-10.07209128712467,2.8695766925811768,0.009306634776294231,0
-16.542292997386923,2.711832046508789,0.00688369432464242,0
-18.70533167481069,2.749711513519287,0.008700300939381123,0
-13.505610581651794,2.816683769226074,0.0054450854659080505,0
-14.363342128069009,2.7939200401306152,0.005699074827134609,0
-8.255989062854127,2.7022714614868164,0.006965889595448971,0
-5.14636062219276,2.7593352794647217,0.00442232470959425,0
-25.648705924010546,2.689025402069092,0.006829847581684589,0
-7.224162534803094,2.712998151779175,0.007036255672574043,0
-32.90244991356018,2.633606433868408,0.004128723870962858,0
-18.99253588939234,2.7516560554504395,0.005770009942352772,0
-5.21707969883781,2.6759917736053467,0.004776238463819027,0
-16.583341481713706,2.8260750770568848,0.004301063716411591,0
-19.52496362931615,2.892467975616455,0.005533976946026087,0
-16.406796670563626,2.651719331741333,0.0032277172431349754,0
-8.298734013307508,2.753143310546875,0.005683558061718941,0
-6.003612849923665,2.770610809326172,0.004784619435667992,0
-6.081654846045668,2.82484769821167,0.0034660077653825283,0
-10.439844441666505,2.817021131515503,0.006727168336510658,0
-23.573466557052484,2.67301869392395,0.005628310143947601,0
-10.157752938934733,2.751002550125122,0.0053648389875888824,0
-17.460776457426967,2.7295379638671875,0.004795839078724384,0
-5.853292307438486,2.782926082611084,0.003500560764223337,0
-11.8532548885089,2.786353349685669,0.006080131512135267,0
-5.370289028052678,2.831378936767578,0.005444019101560116,0
-4.726961392971306,2.8402278423309326,0.002971475478261709,0
-4.1171971281054205,2.8351705074310303,0.004370234906673431,0
-27.402580957518364,2.7378833293914795,0.00567697174847126,0
-16.38494609109071,2.7190120220184326,0.002841239096596837,0
-14.300132819374413,2.819523334503174,0.0033174725249409676,0
-4.440583580158659,2.818695545196533,0.004104048945009708,0
-13.93318186405987,2.878199577331543,0.006262149661779404,0
-6.171744874116274,2.8389840126037598,0.004087549634277821,0
-16.388479151909078,2.818958282470703,0.005266385152935982,0
-7.423353924875117,2.824073076248169,0.0057896459475159645,0
-4.72426925172816,2.8026132583618164,0.0036436249502003193,0
-24.08143876177091,2.8281986713409424,0.005345134064555168,0
-18.59915029884187,2.8362221717834473,0.003694747341796756,0
-22.717931420456043,2.8595376014709473,0.003599891671910882,0
-16.782915393569073,2.8822600841522217,0.003835191484540701,0
-20.861822912423893,2.686981201171875,0.005110298283398151,0
-10.009799579370622,2.8612661361694336,0.0032283125910907984,0
-27.985636262787253,2.916350841522217,0.003318788018077612,0
-13.318410102950685,2.8729052543640137,0.003214700147509575,0
-6.24232569154007,2.845231771469116,0.0033286605030298233,0
-19.065850231631675,2.8937838077545166,0.005887620151042938,0
-16.54638191265628,2.6469080448150635,0.0033844790887087584,0
-12.959928643029581,2.743628740310669,0.003678024746477604,0
-6.364659862005223,2.7934672832489014,0.005950162187218666,0
-5.358950075228148,2.8934144973754883,0.004016228020191193,0
-5.952967276095728,2.890939950942993,0.009215802885591984,0
-20.36748761439086,2.613697052001953,0.006191331427544355,0
-11.031188267958528,2.7296559810638428,0.009651322849094868,0
-5.094940240956623,2.913144826889038,0.009730647318065166,0
-6.829023760484063,2.783153533935547,0.005775752477347851,0
-5.790481859432828,2.87435245513916,0.008467122912406921,0
-6.402601055367122,2.73726487159729,0.006183566991239786,0
-6.442031542970565,2.982729434967041,0.0072096651419997215,0
-6.265602757404537,2.9840850830078125,0.007761478424072266,0
-4.552233858670387,2.764143466949463,0.005273167975246906,0
-21.84862790415189,2.8037242889404297,0.003629166167229414,0
-19.911886133555793,2.7449240684509277,0.009745576418936253,0
-13.175220704639553,2.795437812805176,0.00889880582690239,0
-5.545647994488457,2.889361619949341,0.005038836970925331,0
-19.681956662821612,2.8659937381744385,0.005133054219186306,0
-13.594137321247342,2.8616647720336914,0.005323069170117378,0
-17.460100097264387,2.9142346382141113,0.00527577567845583,0
-5.492053514499762,2.9053406715393066,0.004778717644512653,0
-5.240289996764342,2.7066893577575684,0.0032028192654252052,0
-4.665390718699678,2.9302690029144287,0.005958014167845249,0
-16.00045118844484,2.869920253753662,0.0028131676372140646,0
-5.196095971638342,2.7896006107330322,0.004233764484524727,0
-13.633247592742777,2.8175253868103027,0.005468289367854595,0
-4.599094628359143,2.9056801795959473,0.0031797545962035656,0
-15.94354995240664,2.8274319171905518,0.004770004656165838,0
-18.684896467210585,2.7070398330688477,0.0034469012171030045,0
-19.280026139432906,2.8032431602478027,0.006640647538006306,0
-18.498969006834,2.9520373344421387,0.0040152487345039845,0
-19.429896385572253,2.9133191108703613,0.01111607439815998,0
-5.020735847951531,2.9880588054656982,0.012367487885057926,0
-13.378713584309368,2.835810422897339,0.003964428789913654,0
-3.7099961837281965,2.8575193881988525,0.011153025552630424,0
-19.425183801603758,2.8245697021484375,0.011158586479723454,0
-20.93993842944976,3.01119327545166,0.0027457133401185274,0
-12.106738561703041,2.8271872997283936,0.0069553442299366,0
-15.30990798469399,2.864123821258545,0.002488128375262022,0
-4.331643793575052,2.681084394454956,0.007289133034646511,0
-5.163013898675137,3.1026148796081543,0.0034477754961699247,0
-15.190085600747702,3.0617709159851074,0.011343303136527538,0
-24.715826391288868,2.9228837490081787,0.012742679566144943,0
-7.803714066889636,2.761606216430664,0.0026395737659186125,0
-9.343749073337484,2.926187515258789,0.01269045565277338,0
-20.369565383804428,2.7164664268493652,0.01183799933642149,0
-5.345910893343216,2.854238271713257,0.0036167604848742485,0
-19.07809297616979,2.7744531631469727,0.008017657324671745,0
-12.11316396842309,2.8310556411743164,0.004759436473250389,0
-23.773647749871127,2.7542343139648438,0.010827543213963509,0
-6.750578614812135,2.8225464820861816,0.01198074221611023,0
-7.264670314759701,2.847608804702759,0.004770541563630104,0
-27.60729659527462,2.9492573738098145,0.008907719515264034,0
-6.409349504134026,2.90822696685791,0.008328727446496487,0
-22.24259795527433,2.8996965885162354,0.009859729558229446,0
-28.248485057709708,2.87689471244812,0.010818026959896088,0
-6.422085766862537,2.9764459133148193,0.009403219446539879,0
-17.898664738795723,2.927077054977417,0.00661814771592617,0
-6.7021241368068,2.780195713043213,0.0067940992303192616,0
-16.12615515559939,2.7625017166137695,0.011955770663917065,0
-5.489607403389669,2.980288505554199,0.009173423051834106,0
-12.181233405315878,2.985640048980713,0.00640597939491272,0
-4.677554694907755,2.637883186340332,0.006486191879957914,0
-7.724623031023666,2.823812961578369,0.004942710045725107,0
-17.312494980643677,3.0570504665374756,0.005929470527917147,0
-23.766952166144225,2.9267263412475586,0.003518266836181283,0
-7.490391665997123,2.787881374359131,0.006847727112472057,0
-15.714296822216909,2.869858741760254,0.004565109498798847,0
-23.140669119902505,2.773559093475342,0.0056579215452075005,0
-12.171387238414043,2.829033374786377,0.005809160880744457,0
-15.305550508241812,2.682180404663086,0.003758711274713278,0
-7.599918684321104,2.7943267822265625,0.004593218676745892,0
-5.106731985907376,2.782158374786377,0.003092135302722454,0
-29.903953012690216,2.86409854888916,0.00348381488583982,0
-20.831181677432667,2.888378143310547,0.004386984743177891,0
-25.260627583684,2.9245247840881348,0.004600400570780039,0
-22.615455918668438,2.7994723320007324,0.00555740250274539,0
-4.262630020886279,2.7022767066955566,0.004571125842630863,0
-5.96868858238121,2.9282164573669434,0.003884162288159132,0
-5.532032120395174,2.759594678878784,0.0031886566430330276,0
-15.314086992872198,2.9064598083496094,0.003486847970634699,0
-11.515626853346047,2.8777966499328613,0.003943381831049919,0
-4.461329341288003,2.8242077827453613,0.0038769543170928955,0
-19.959805711476424,2.821991443634033,0.005085653625428677,0
-9.125537613919782,2.923945903778076,0.0041646831668913364,0
-15.285291399155843,2.912820339202881,0.004448680207133293,0
-16.124596704639835,2.9501030445098877,0.00422211829572916,0
-9.16803464129994,2.769575595855713,0.003940964117646217,0
-10.545345075047383,2.9486007690429688,0.004088039975613356,0
-7.767389397920932,2.8604354858398438,0.004028066992759705,0
-5.74637187826268,3.0971784591674805,0.004579838365316391,0
-8.267071710194177,2.8405776023864746,0.0038602068088948727,0
-12.97126101635794,2.964515209197998,0.0032027638517320156,0
-7.039307695116129,3.0456299781799316,0.0034102099016308784,0
-10.84659496741996,2.8450927734375,0.0036871330812573433,0
-14.804241208634055,2.9643540382385254,0.004454656504094601,0
-26.065602133293524,2.8911571502685547,0.0026845221873372793,0
-9.67878382246381,2.7568702697753906,0.002252051141113043,0
-22.30140815719055,2.9283463954925537,0.0030096862465143204,0
-15.801924894009279,2.936129331588745,0.0032412223517894745,0
-4.974169707481582,2.848933458328247,0.0029792306013405323,0
-7.077656641956102,2.8613429069519043,0.0021165309008210897,0
-28.75421514773498,2.7767038345336914,0.003027769271284342,0
-9.195323434533593,2.8745484352111816,0.00329900486394763,0
-25.606525574217745,2.8251430988311768,0.003432617522776127,0
-10.270460925535758,2.8365306854248047,0.004739760421216488,0
-6.493660208892311,2.7990689277648926,0.0036126275081187487,0
-22.809887649275417,2.848292350769043,0.0037178639322519302,0
-24.538470969721775,2.920602321624756,0.0036636292934417725,0
-16.39687279478207,2.910872459411621,0.003099761437624693,0
-9.792827994848503,2.9607982635498047,0.0034133573062717915,0
-6.615508403409904,2.9784367084503174,0.005370213184505701,0
-6.5612092055694955,2.900698184967041,0.0028997964691370726,0
-17.072579416457323,2.9059672355651855,0.006517212837934494,0
-5.314551239467866,2.9509501457214355,0.0027978727594017982,0
-20.866060372888747,2.8059964179992676,0.009303170256316662,0
-7.602950501117911,3.0016050338745117,0.006089028902351856,0
-7.157175261507389,2.846139907836914,0.00766847375780344,0
-19.883001782676498,3.0212972164154053,0.00888227391988039,0
-14.713334805316464,2.9510512351989746,0.004732552915811539,0
-10.606641482302633,2.974745273590088,0.008492374792695045,0
-26.193878004809335,2.9046661853790283,0.0053582098335027695,0
-6.68804906241556,2.9996390342712402,0.012323392555117607,0
-4.906037578118107,2.9281961917877197,0.01320195198059082,0
-14.961169928136899,2.767874240875244,0.0031499690376222134,0
-3.9013935547765413,2.9247348308563232,0.00789092667400837,0
-24.577263319603873,3.1152963638305664,0.0042556519620120525,0
-17.47630288684515,3.100074291229248,0.012363042682409286,0
-13.352951923128547,2.8157458305358887,0.014234649017453194,0
-5.7353302486239786,2.7289462089538574,0.0033467235043644905,0
-11.489425706412307,2.7793920040130615,0.012565437704324722,0
-5.650133925368352,2.8495359420776367,0.010570897720754147,0
-15.578090416303157,3.0177953243255615,0.0055544073693454266,0
-16.503951200397697,3.0199122428894043,0.006522316485643387,0
-29.00879208316094,2.672797679901123,0.006033317185938358,0
-22.8796331148259,3.0739552974700928,0.005599521100521088,0
-7.92945345327943,2.9175302982330322,0.0057985237799584866,0
-13.224676042088685,2.632080554962158,0.00339827174320817,0
-24.60015282307926,2.856140613555908,0.0076783327385783195,0
-11.09901544326622,3.056347370147705,0.006221327930688858,0
-19.97003342835875,2.9184179306030273,0.009266871027648449,0
-7.805105878116491,2.754122734069824,0.010935093276202679,0
-14.156752621414975,2.926776885986328,0.010089808143675327,0
-28.763570500772012,3.0170836448669434,0.006568125449120998,0
-6.427555309801944,3.1110453605651855,0.00873479899019003,0
-19.439994807348935,2.9617743492126465,0.008062980137765408,0
-21.10360368306962,3.090757131576538,0.0045568617060780525,0
-14.765000908565504,2.824902057647705,0.00801902636885643,0
-21.826945046974338,2.8131279945373535,0.004986467771232128,0
-10.28435350831902,2.9251091480255127,0.007448616437613964,0
-11.154619397742747,2.835857629776001,0.008957132697105408,0
-9.71218639598208,2.9383881092071533,0.007809128146618605,0
-27.050898091286605,2.8576297760009766,0.0056995307095348835,0
-13.406927256596779,2.7497737407684326,0.01294932421296835,0
-6.756588870511834,3.0302629470825195,0.00900011882185936,0
-17.283806857306836,3.069431781768799,0.007742042653262615,0
-6.005843541909053,2.874566078186035,0.009344181045889854,0
-9.425802079778865,2.8313140869140625,0.006807704456150532,0
-15.070007020168543,3.119067668914795,0.005768268834799528,0
-12.272853664769322,2.99537992477417,0.007775038946419954,0
-9.773387468299916,2.892820119857788,0.00610646978020668,0
-9.359105431129395,2.7337212562561035,0.009844345971941948,0
-15.160500006856035,3.1783018112182617,0.008398535661399364,0
-19.52922469101579,2.8362977504730225,0.00921458750963211,0
-3.720348713132615,2.9126617908477783,0.007168573793023825,0
-25.848389140561665,2.672732353210449,0.007050198502838612,0
-4.229727827687121,2.9404544830322266,0.006182292476296425,0
-3.966159865163361,3.054063320159912,0.008400933817029,0
-19.189443265668462,2.9889614582061768,0.007938341237604618,0
-3.5817194267203076,2.830350399017334,0.005834481678903103,0
-21.167288159223318,3.1332263946533203,0.005904496647417545,0
-13.821650495005326,2.9184892177581787,0.008141287602484226,0
-15.913225512962832,2.8736801147460938,0.006662914529442787,0
-27.22126098513019,2.9184916019439697,0.007656318135559559,0
-20.622682736443917,2.940647840499878,0.0072936611250042915,0
-7.194538816447103,2.8500843048095703,0.006007930263876915,0
-6.794084370272365,2.9087295532226562,0.005435731261968613,0
-3.513237486256189,2.9907259941101074,0.008851902559399605,0
-21.016504505160807,2.894517421722412,0.007969963364303112,0
-20.884500536961298,2.8178768157958984,0.004987043794244528,0
-10.354019049991694,2.724126100540161,0.0043469383381307125,0
-5.679781863808619,2.775407075881958,0.010556431487202644,0
-20.46005485446438,2.9803097248077393,0.010112149640917778,0
-8.705343536889956,2.984769344329834,0.004816482774913311,0
-16.682293210479187,3.0010080337524414,0.0039739590138196945,0
-11.991612525405733,2.8473105430603027,0.010437658056616783,0
-5.270903717458826,3.0079147815704346,0.01025938056409359,0
-9.117843913658735,2.9273934364318848,0.00399760901927948,0
-22.203042465591235,2.83823561668396,0.0035901828669011593,0
-5.969692436994321,2.9165704250335693,0.008931674063205719,0
-24.772612596532454,2.9489920139312744,0.006485171616077423,0
-9.514895630976406,2.96122407913208,0.008579770103096962,0
-11.480503454958678,2.727346897125244,0.008636687882244587,0
-4.19354435076901,2.8688864707946777,0.004078506957739592,0
-17.83740995545869,2.888471841812134,0.0031496803276240826,0
-4.331609899124444,2.968963623046875,0.007379998452961445,0
-8.079148966319096,3.0472335815429688,0.0036729273851960897,0
-20.39103205332592,2.8877639770507812,0.014939846470952034,0
-13.302459477202998,3.0619916915893555,0.018625210970640182,0
-13.441506518637397,3.101138114929199,0.00348431128077209,0
-17.209207066716207,3.1571309566497803,0.02578776329755783,0
-4.305581999960095,2.9486188888549805,0.03961389139294624,0
-27.096143770507467,2.9837894439697266,0.014757923781871796,0
-9.558629871391702,3.032745599746704,0.00932428427040577,0
-28.66760146562781,3.0129902362823486,0.021628044545650482,0
-16.55092015430567,3.1162383556365967,0.0076179709285497665,0
-18.43232594637601,3.0677504539489746,0.012536214664578438,0
-11.688011679906587,2.8628933429718018,0.022391006350517273,0
-19.370754980896276,2.9217476844787598,0.006790118757635355,0
-4.1477718013555736,3.081127166748047,0.017894381657242775,0
-31.579262424116905,2.9707417488098145,0.031745921820402145,0
-5.15005318259596,3.167206287384033,0.013599141500890255,0
-6.7423530351192635,2.9828667640686035,0.00789477676153183,0
-13.331244991489989,3.1596221923828125,0.01497635804116726,0
-7.816909435449476,2.979260206222534,0.004519692622125149,0
-6.300869548755179,3.0288445949554443,0.021182289347052574,0
-16.256898575079756,2.9645819664001465,0.03529214859008789,0
-6.578696218945238,3.1360397338867188,0.014785117469727993,0
-4.017470555839247,3.073765993118286,0.007009544875472784,0
-27.62453590150909,2.9995131492614746,0.014590105973184109,0
-25.97550900876341,2.9538140296936035,0.005388406105339527,0
-4.375130368301701,2.9231650829315186,0.017932340502738953,0
-24.612905964280227,2.9879150390625,0.02860003337264061,0
-19.563028806658103,3.03533673286438,0.009743252769112587,0
-9.476624229097462,3.1308913230895996,0.011814446188509464,0
-4.262151017758993,2.9168267250061035,0.023318342864513397,0
-17.52333494981582,2.8560314178466797,0.00890127569437027,0
-9.418924672433501,2.926670789718628,0.010994363576173782,0
-14.206959714310546,3.037302255630493,0.018945010378956795,0
-8.029296747272637,3.0506978034973145,0.006460760720074177,0
-13.77885849918999,3.234503746032715,0.013893556781113148,0
-9.817393105552787,3.1576650142669678,0.024602118879556656,0
-17.789132668981594,3.0534207820892334,0.009043393656611443,0
-17.75750818636762,3.0916857719421387,0.010390147566795349,0
-8.349476774107195,2.968524217605591,0.019548999145627022,0
-26.935357157609577,3.0478148460388184,0.0074198064394295216,0
-7.3012834679206735,2.8669021129608154,0.013155816122889519,0
-16.106641166653386,3.0948193073272705,0.022780392318964005,0
-11.898174142993524,2.981767177581787,0.008269740268588066,0
-19.286597042524118,2.7073163986206055,0.011417402885854244,0
-4.321196068229694,2.991013765335083,0.020574627444148064,0
-6.976022746155484,3.051523208618164,0.007963106036186218,0
-6.05369656436515,2.9631307125091553,0.011190460994839668,0
-9.757545547990153,3.0748987197875977,0.01980498619377613,0
-12.295193003999474,2.9490280151367188,0.007001794874668121,0
-3.8537388264845314,3.056926727294922,0.014174713753163815,0
-15.864667194367438,2.9243831634521484,0.02413002774119377,0
-21.491601064209526,3.089303731918335,0.010178286582231522,0
-8.693490137329759,3.05607533454895,0.008232190273702145,0
-7.642131822833159,2.772064447402954,0.015078925527632236,0
-20.528199682060865,2.981313943862915,0.004156158305704594,0
-4.320588271413603,2.9435391426086426,0.016752881929278374,0
-5.442104697898564,2.9296631813049316,0.02916085533797741,0
-7.262836535555137,2.859595537185669,0.01326958741992712,0
-16.68057052548143,3.159353256225586,0.0055299908854067326,0
-5.732701902398207,2.9379730224609375,0.011413962580263615,0
-16.446728707715238,2.7833974361419678,0.00404255511239171,0
-14.806695680811023,2.8916707038879395,0.01608559861779213,0
-26.513371032844535,2.8028807640075684,0.022480683401226997,0
-10.644917982860447,3.074594497680664,0.00814315676689148,0
-11.528258083941838,3.14918851852417,0.012403396889567375,0
-12.395551684419308,3.154001235961914,0.024552909657359123,0
-8.54914925651414,2.911557674407959,0.010635899379849434,0
-25.67615663224132,3.0207600593566895,0.006843134760856628,0
-17.149592137429977,2.979444980621338,0.012660827487707138,0
-4.284182436207021,3.2763659954071045,0.004130728542804718,0
-18.13249349949464,3.114511013031006,0.01774672605097294,0
-19.223496808992838,3.2026100158691406,0.029095910489559174,0
-20.602286821297234,3.132298231124878,0.012234312482178211,0
-14.558400209410484,2.9939560890197754,0.007339993957430124,0
-4.853122821382288,2.931122064590454,0.015132765285670757,0
-9.332178758108592,3.0826053619384766,0.00655424315482378,0
-4.689251064872031,3.131028652191162,0.00998655054718256,0
-5.711673058271707,3.1151251792907715,0.015000942163169384,0
-14.2551312033497,3.0791971683502197,0.004586787428706884,0
-6.12047892522417,2.945950984954834,0.018009070307016373,0
-5.753667357342305,2.882228374481201,0.0321582555770874,0
-17.504632013498988,2.8968429565429688,0.016846997663378716,0
-10.241291129499926,3.164350986480713,0.0045148045755922794,0
-7.246774372717492,3.053680181503296,0.011873414739966393,0
-6.398730738575119,3.018824577331543,0.007758193649351597,0
-10.778500961670519,3.070136547088623,0.00855201855301857,0
-7.087336843819451,2.956463098526001,0.00960344634950161,0
-8.446244231784883,3.224027156829834,0.005216922610998154,0
-5.068758306415144,3.022792339324951,0.010539770126342773,0
-5.654497799859495,2.9599990844726562,0.007993850857019424,0
-26.5628767531623,2.896979331970215,0.006814122665673494,0
-5.8363968677627796,3.1199259757995605,0.006572067737579346,0
-10.364030507983557,3.159419298171997,0.005079166032373905,0
-8.125273496999814,2.9044644832611084,0.005531657487154007,0
-6.057216926701028,2.880643129348755,0.00416859146207571,0
-16.583244458432926,2.901360034942627,0.00923430547118187,0
-9.388292508001495,3.1988577842712402,0.005318816751241684,0
-8.219903542667959,3.041714668273926,0.01638874225318432,0
-13.368936331101528,2.981794834136963,0.01863733120262623,0
-5.614609251035666,3.2949771881103516,0.0035295342095196247,0
-12.160557340959627,3.1661972999572754,0.01874626614153385,0
-7.266805013822767,2.970045566558838,0.02141525223851204,0
-19.492956880624906,3.1558938026428223,0.00748843140900135,0
-5.6452020306081145,3.4081058502197266,0.015305439941585064,0
-16.69952483864258,3.027006149291992,0.021365854889154434,0
-11.031688715803982,3.1736350059509277,0.00962088257074356,0
-12.036249343357598,3.119053840637207,0.010991329327225685,0
-10.571121848263575,2.935197353363037,0.016075171530246735,0
-14.385784890636431,3.124326229095459,0.009324304759502411,0
-20.704578772977595,3.092865467071533,0.009192334488034248,0
-12.865158855721063,3.1382930278778076,0.012382600456476212,0
-12.83777918481631,3.0415523052215576,0.00472793634980917,0
-8.925754748368012,2.920578956604004,0.01774436980485916,0
-22.094190040502543,2.8268535137176514,0.02642240561544895,0
-18.131617014124878,3.1719462871551514,0.011133400723338127,0
-13.64609194192376,3.266551971435547,0.01293877325952053,0
-11.48022314927116,3.1242942810058594,0.02162853255867958,0
-18.78797430619857,3.092874050140381,0.012011999264359474,0
-6.065737074007365,3.0892140865325928,0.009432032704353333,0
-18.038124888111604,3.057697296142578,0.012412064708769321,0
-18.83476785630524,3.2991652488708496,0.009041545912623405,0
-10.529496065463695,3.0748367309570312,0.007034411653876305,0
-5.4429641478221376,3.1568827629089355,0.009124861098825932,0
-22.513336835438626,3.185774803161621,0.005519445985555649,0
-10.385429072865684,3.0908026695251465,0.009911686182022095,0
-21.681319303656032,3.0494279861450195,0.006888712756335735,0
-19.567057930604307,3.0101518630981445,0.01538312342017889,0
-12.93685936329718,3.2173521518707275,0.019115963950753212,0
-11.00640241196341,3.1256308555603027,0.005091822240501642,0
-35.28029455009401,3.0899486541748047,0.02199750393629074,0
-5.624267547514934,3.138533592224121,0.029223505407571793,0
-37.35296172033948,2.9683432579040527,0.01253664679825306,0
-4.353894824450085,3.152707099914551,0.01976972073316574,0
-6.009285560561516,3.1317555904388428,0.03305333852767944,0
-14.615818356869498,3.264075756072998,0.017951464280486107,0
-8.574971107483613,3.1007206439971924,0.012306394055485725,0
-20.893659681922305,3.08766508102417,0.01632361114025116,0
-17.805506759866358,3.005115032196045,0.01242696214467287,0
-17.732701466893385,3.2457590103149414,0.011308994144201279,0
-26.945332510037645,2.874154567718506,0.011812618933618069,0
-13.313441209363807,3.0532190799713135,0.009588325396180153,0
-3.7045339311444514,2.917290449142456,0.0069205062463879585,0
-24.705600369796834,3.068936347961426,0.00972142443060875,0
-6.608798757490243,3.197770595550537,0.006550242193043232,0
-19.16300444849725,2.9707698822021484,0.011035585775971413,0
-5.753787460945211,3.0144336223602295,0.01301602367311716,0
-4.265805517752389,3.089869499206543,0.0036995112895965576,0
-5.643308675555732,3.214973211288452,0.006003872491419315,0
-20.919617976089008,3.1441054344177246,0.004553104285150766,0
-27.480278872020143,3.138204336166382,0.004479281138628721,0
-6.546348302910177,3.1840884685516357,0.00484900176525116,0
-8.779038477238055,3.112607955932617,0.004301167093217373,0
-4.046871046333137,3.0088446140289307,0.005907573737204075,0
-22.405252706239096,3.1563663482666016,0.004119806457310915,0
-25.272921356459115,3.1454391479492188,0.004729605279862881,0
-8.656979327554115,2.979635238647461,0.006404930725693703,0
-12.637593023282765,3.2090578079223633,0.0031913372222334146,0
-8.819688510470506,3.0331573486328125,0.009158466942608356,0
-11.196395805023599,3.1112382411956787,0.00574837950989604,0
-27.136292775944113,3.189082384109497,0.01428443193435669,0
-18.711754651669967,3.0260672569274902,0.016832921653985977,0
-5.785932197431626,3.119457244873047,0.004004521295428276,0
