reward,success
-49.863891661098776,0.0
-60.189013772836404,0.0
-46.07334033601363,0.0
-32.33931791803806,0.0
-36.38339187952374,0.0
-73.34305638374701,0.0
-67.20298257224324,0.0
-64.89581204465122,0.0
-61.77804791173122,0.0
-64.87587433899606,0.0
-43.131921909478926,0.0
-59.23315231847401,0.0
-57.20722472664749,0.0
-55.979763047200215,0.0
-38.898342862646416,0.0
-59.79852046077006,0.0
-43.51680806556803,0.0
-80.32857148086188,0.0
-66.26048824038308,0.0
-84.10038417786488,0.0
-69.19149151054695,0.0
-64.01246277619238,0.0
-51.84817450456407,0.0
-65.08743297255383,0.0
-63.71828270944831,0.0
-67.4069500010449,0.0
-71.32053427282248,0.0
-69.90412335748601,0.0
-35.19839645866971,0.0
-68.89488819058087,0.0
-55.33134666193773,0.0
-67.24141319852413,0.0
-69.70167916390938,0.0
-44.308530121206765,0.0
-47.5588188557071,0.0
-63.60571604423402,0.0
-53.103305811145674,0.0
-77.67796174505627,0.0
-72.60976809919728,0.0
-75.09606805969358,0.0
-46.02416471903385,0.0
-58.68164519045456,0.0
-42.5886204267834,0.0
-54.12449681631167,0.0
-73.35212869294658,0.0
-52.16087155774978,0.0
-51.250214792291224,0.0
-46.173398254046546,0.0
-65.77783567345688,0.0
-40.258552167780415,0.0
-49.57040498004615,0.0
-60.60460064343136,0.0
-64.78441095226022,0.0
-79.79258715880582,0.0
-54.29154438096362,0.0
-78.36498904712114,0.0
-39.50430338888162,0.0
-50.16466149777119,0.0
-53.198853098836594,0.0
-55.501003055079536,0.0
-47.822323018308886,0.0
-38.07403561008172,0.0
-62.89821222072492,0.0
-60.372987872571656,0.0
-68.2577824737915,0.0
-75.65716920623987,0.0
-48.43628442362274,0.0
-67.55039845325214,0.0
-80.00317703049213,0.0
-73.81129731380427,0.0
-62.43741850134589,0.0
-54.39316532554687,0.0
-58.71858715690367,0.0
-51.372582275380324,0.0
-60.6519486917893,0.0
-77.16039974463222,0.0
-56.629337736156714,0.0
-55.36827287694663,0.0
-62.864971938611184,0.0
-60.40427910371398,0.0
-57.62982933814117,0.0
-61.975298173954535,0.0
-57.86492771737057,0.0
-70.19354916139352,0.0
-56.8115763144446,0.0
-57.22022734402344,0.0
-92.93228880171581,0.0
-68.4835875834973,0.0
-54.145693487892956,0.0
-47.8684365768368,0.0
-45.86919787050871,0.0
-64.9616291372981,0.0
-51.01837680162571,0.0
-36.84780060161904,0.0
-49.225233306859835,0.0
-93.73754501845235,0.0
-83.67350249335401,0.0
-81.7334362998168,0.0
-62.48802612114434,0.0
-66.52852420818374,0.0
-39.872476001577354,0.0
-51.62123048375415,0.0
-53.31833341200008,0.0
-44.227953313868476,0.0
-47.088027586481914,0.0
-54.11243094440863,0.0
-35.07986426564301,0.0
-38.70874634639331,0.0
-46.582654445537855,0.0
-35.00411280943004,0.0
-26.87740458047637,0.0
-39.3912975630018,0.0
-34.172804793767924,0.0
-47.860505285544214,0.0
-27.506023298425006,0.0
-39.3409172636637,0.0
-45.56794678017717,0.0
-25.45878159989085,0.0
-34.22340428562963,0.0
-34.121217853973675,0.0
-22.434213194406123,0.0
-36.268591935441336,0.0
-29.73047414558064,0.0
-51.355902126604086,0.0
-19.67517454740324,0.0
-25.585858638102096,0.0
-26.9740029955735,0.0
-29.75344509926161,0.0
-21.0617191145963,0.0
-25.87650601686974,0.0
-24.07441967065211,0.0
-29.79339897383221,0.0
-24.899377906797124,0.0
-33.292175617211484,0.0
-21.612306510466198,0.0
-23.842495907431413,0.0
-23.80370942175364,0.0
-24.6040463859627,0.0
-25.918739792593545,0.0
-31.904177705025525,0.0
-25.047414704726187,0.0
-30.752121357344226,0.0
-37.247170600343956,0.0
-44.13906610871649,0.0
-25.891988180134135,0.0
-24.896758132558226,0.0
-40.24962551459247,0.0
-32.99323095898858,0.0
-21.27432111953236,0.0
-25.216741519629675,0.0
-26.84845241951411,0.0
-14.795732350918001,0.0
-35.53906952995195,0.0
-18.802712571383005,0.0
-20.817205190010984,0.0
-22.354453589870378,0.0
-22.085996092239643,0.0
-18.261409776510305,0.0
-20.46619622806983,0.0
-33.78192103245592,0.0
-29.707679036311855,0.0
-25.18836411174016,0.0
-25.926458239737467,0.0
-35.036073006444184,0.0
-24.83925998166244,0.0
-24.08543662996852,0.0
-23.373684407164518,0.0
-22.467057137969384,0.0
-17.413982708073405,0.0
-18.872422902832394,0.0
-19.093299373620756,0.0
-26.333869901245837,0.0
-20.06785682756011,0.0
-17.351163167028645,0.0
-17.034757205740206,0.0
-28.713377302407554,0.0
-29.713991539291328,0.0
-25.94958629344464,0.0
-29.19518005609724,0.0
-16.44083189678276,0.0
-18.275055718625264,0.0
-19.884838466391027,0.0
-24.261224914413777,0.0
-25.30682815326428,0.0
-33.283578204631,0.0
-27.58317562089457,0.0
-21.089986801159345,0.0
-22.25718925496474,0.0
-21.498782388646017,0.0
-18.525891346425244,0.0
-23.056026118831006,0.0
-18.92955044911912,0.0
-20.71307837499777,0.0
-20.39787917745646,0.0
-25.175533337797702,0.0
-16.801055219488127,0.0
-29.79936917261847,0.0
-19.500250885053855,0.0
-19.088243559673852,0.0
-16.4059071691001,0.0
-12.64322605125963,0.0
-18.977246897112995,0.0
-32.45064170982008,0.0
-22.041078243716427,0.0
-15.802683482282351,0.0
-21.827716622116245,0.0
-17.959521222424964,0.0
-10.173927392769077,0.0
-22.164147704029425,0.0
-25.4552808165512,0.0
-14.450214197640337,0.0
-13.04801360215315,0.0
-21.314927251424834,0.0
-13.532811864076455,0.0
-12.848884031831702,0.0
-14.81393195884483,0.0
-12.174093364487355,0.0
-18.023049957233525,0.0
-16.051643946353632,0.0
-14.4482164891192,0.0
-11.082609634431956,0.0
-15.683878243320622,0.0
-13.207225557378713,0.0
-15.940941672284183,0.0
-24.655564494868862,0.0
-16.583133688939316,0.0
-14.913174239117945,0.0
-16.579565867357665,0.0
-14.393617087968403,0.0
-51.43576736070498,0.0
-20.034989706397646,0.0
-11.044211538840454,1.0
-18.749274149849946,0.0
-25.717151347311866,0.0
-18.269285318110892,0.0
-16.089113494001648,0.0
-16.72735210208428,0.0
-13.051117852965842,0.0
-16.304971464223524,0.0
-16.559723964658044,0.0
-24.969381042802752,0.0
-15.53932848641265,0.0
-17.853860895955318,0.0
-9.85044784627144,0.0
-27.124789567088985,0.0
-22.632222664140187,0.0
-22.401718828871953,0.0
-15.483329508424813,0.0
-14.436350406281054,0.0
-10.364161381761608,0.0
-18.352161978113916,0.0
-11.339890904884454,0.0
-23.118256215495027,0.0
-26.389010031312196,0.0
-23.72922258506396,0.0
-16.463876963357404,0.0
-10.146543616658949,0.0
-29.177692380794475,0.0
-12.450352932607203,0.0
-11.586939035253787,0.0
-12.462821011903026,0.0
-12.253800865511428,0.0
-20.70042979348591,0.0
-14.180809252169206,0.0
-11.629480151643092,0.0
-9.900831264068614,1.0
-9.346246288617731,1.0
-11.031697605241538,0.0
-11.07430763380124,0.0
-29.10688288598584,0.0
-14.459204277415527,0.0
-11.271517111398701,0.0
-12.816514290936253,0.0
-11.823314684541062,0.0
-19.278154488524628,0.0
-29.25844997516498,0.0
-22.574750517475426,0.0
-8.410855007776966,0.0
-20.00682885213256,0.0
-12.219678143489379,0.0
-18.78256481567483,0.0
-11.03963723765694,0.0
-12.22904910582723,0.0
-17.195283752523896,0.0
-14.306030918954077,0.0
-14.142358354969002,0.0
-15.468248948188698,0.0
-9.50741302290953,1.0
-11.295533737834598,0.0
-10.812763952045987,0.0
-18.832409968659718,0.0
-8.809049285761766,0.0
-12.27512858866455,0.0
-11.917942884987525,0.0
-23.5179145876088,0.0
-10.591162365002134,0.0
-17.252273634609736,0.0
-27.011404439831587,0.0
-21.073170035175377,0.0
-17.287462660335173,0.0
-21.784870856155557,0.0
-6.9644865079772105,1.0
-7.4473112157275985,1.0
-10.570974463427264,0.0
-9.632382621576374,0.0
-28.641398517169783,0.0
-22.19236185853333,0.0
-17.755665731498496,0.0
-10.09846197117259,0.0
-13.079949869828793,0.0
-16.326595310947322,0.0
-8.505584958272943,0.0
-8.402888892889084,0.0
-9.75424592500998,0.0
-28.20791411274632,0.0
-12.306270566062773,0.0
-20.085994612524413,0.0
-17.445850645760355,0.0
-8.599958981374916,0.0
-14.796823370986488,0.0
-13.280833109564165,0.0
-9.904774988666242,0.0
-22.268967122150087,0.0
-14.446671593258799,0.0
-9.984148396063617,0.0
-17.775008359856173,0.0
-14.462633712438828,0.0
-9.731573730122921,1.0
-9.015199019267042,0.0
-11.857462350633563,0.0
-19.973849524084986,0.0
-8.643582827712924,0.0
-12.236281256367427,0.0
-8.321623190623477,1.0
-10.141661066026952,0.0
-25.141630711685444,0.0
-7.436314345909451,0.0
-9.130946912955409,0.0
-21.497323744113473,0.0
-16.210941487062602,0.0
-8.295189071366234,1.0
-32.21243970295609,0.0
-8.819088231164674,1.0
-19.614373177853242,0.0
-8.893059012872559,1.0
-12.46434011736423,0.0
-10.18846176826252,1.0
-17.326232553645365,0.0
-12.640183542814862,0.0
-9.606363343344404,1.0
-23.6741768641093,0.0
-9.185185364085703,0.0
-20.59301741147373,0.0
-11.332682710192643,0.0
-14.186756658869006,0.0
-22.182675059551197,0.0
-11.871202848258056,0.0
-15.102479345357622,0.0
-7.476451761451202,0.0
-22.85167071585528,0.0
-11.489867993801019,0.0
-8.883335475500209,0.0
-14.62192868343573,0.0
-15.807053983922886,0.0
-13.064478821839652,0.0
-26.98623087058727,0.0
-13.215621568119502,0.0
-19.845378487146437,0.0
-9.967581040597072,0.0
-11.221849237456382,0.0
-15.191944319025337,0.0
-9.366175145993386,0.0
-24.90130685260244,0.0
-8.378673187121482,1.0
-18.5718622016668,0.0
-8.925323515410108,0.0
-9.336764533128632,1.0
-8.524696653176102,0.0
-9.982705268768681,0.0
-14.135520386675884,0.0
-35.227088520331336,0.0
-7.750110343557704,1.0
-7.653127944926824,0.0
-11.772418931128794,0.0
-11.961552536261568,0.0
-17.33225850775921,0.0
-18.349852969306497,0.0
-16.626542158929293,0.0
-8.666171242415166,0.0
-11.14502429496231,0.0
-7.782622965248121,0.0
-7.883554660971106,1.0
-16.74508235759541,0.0
-7.1513916326462015,1.0
-13.496788337978941,0.0
-9.028080989813034,0.0
-24.766147998852823,0.0
-9.644626723405112,0.0
-8.56296234568863,0.0
-18.4187321749742,0.0
-19.215118306928805,0.0
-29.833032760664853,0.0
-12.79822973544278,0.0
-10.564003933069591,0.0
-26.554321080862746,0.0
-21.88614060456123,0.0
-15.70013156460729,0.0
-7.383196998938759,0.0
-8.656996272000454,1.0
-7.40373369122001,1.0
-11.91579327029643,0.0
-14.882821687597689,0.0
-10.033452769045956,1.0
-6.564597463243581,1.0
-9.832473866184628,0.0
-20.545024918760845,0.0
-19.341748690098463,0.0
-20.826465110011736,0.0
-8.385214450750851,1.0
-13.236715329165952,0.0
-20.22924642730514,0.0
-7.355795676449637,1.0
-28.599289857834556,0.0
-7.726653406897141,0.0
-20.48403355389359,0.0
-22.308719805690668,0.0
-16.494012281288665,0.0
-8.66028324934801,0.0
-12.960781872860636,0.0
-12.19834507917762,0.0
-14.37365762125002,0.0
-18.129089065804866,0.0
-7.085020939503337,1.0
-22.924539635463383,0.0
-28.33637622273859,0.0
-14.500896298984882,0.0
-11.108234333015778,0.0
-14.750559084818304,0.0
-7.293518808984082,1.0
-15.279071123549114,0.0
-11.456477983242392,0.0
-16.587982813110496,0.0
-10.534641838887433,0.0
-6.17194247264516,1.0
-19.977831020581338,0.0
-7.9780868008875245,0.0
-11.368983790769978,0.0
-8.57465994327168,1.0
-7.154580903167439,1.0
-6.8712317036946535,1.0
-9.293150321400566,0.0
-17.623085175668685,0.0
-12.54830939776702,0.0
-31.301436317612712,0.0
-20.498518896924878,0.0
-30.08176056613214,0.0
-16.851546573172314,0.0
-8.244582358357668,1.0
-11.920740908525476,0.0
-10.55971630788984,0.0
-21.900538740090997,0.0
-15.144208504623741,0.0
-7.142804785966435,1.0
-6.41194642461827,1.0
-7.975032268040995,1.0
-9.29617510597421,0.0
-29.862541158175574,0.0
-9.074088243129635,1.0
-10.246117658516294,1.0
-8.136452805458573,1.0
-20.64004059645855,0.0
-7.233726294031316,0.0
-10.087278220111383,0.0
-19.606486315359547,0.0
-11.64087069428155,0.0
-16.643420970243028,0.0
-6.99849012140855,1.0
-8.416660147616293,1.0
-23.582208637365603,0.0
-13.321423551088104,0.0
-8.385977275567624,1.0
-19.054477807263495,0.0
-7.425961359760862,1.0
-22.27706930612864,0.0
-28.609816758923994,0.0
-6.393350698298112,0.0
-13.438603500788446,0.0
-14.834633362433134,0.0
-8.35568813080292,1.0
-10.601319121325593,0.0
-14.37051974431229,0.0
-15.095913393088646,0.0
-7.104234731387186,0.0
-21.522055646977904,0.0
-15.301840538241004,0.0
-15.24094956518162,0.0
-31.65650648269956,0.0
-14.764168548298048,0.0
-6.437105810635874,1.0
-14.343131721619319,0.0
-22.871250292371816,0.0
-10.452580758084176,0.0
-17.273132935645823,0.0
-10.620791143635257,1.0
-12.93304042839985,0.0
-20.071297685696535,0.0
-17.55368197838353,0.0
-6.333546781278857,0.0
-12.173274494047275,0.0
-6.757762644377211,1.0
-10.70229125734913,0.0
-9.865603997942246,0.0
-23.310622066152888,0.0
-11.34164954774862,0.0
-7.556174803477133,1.0
-6.224437241677717,1.0
-6.657134120900394,0.0
-15.126107631491083,0.0
-7.754264367810419,1.0
-10.925537584289536,0.0
-12.898557604570053,0.0
-33.16253943203185,0.0
-6.5984911706097025,1.0
-12.8312099364977,0.0
-5.743854395967955,1.0
-23.260964902691736,0.0
-15.197088314038876,0.0
-14.383790298563955,0.0
-7.475064576789445,1.0
-17.463070510903023,0.0
-6.639770431640004,1.0
-6.397460911128689,1.0
-7.0022195017225854,0.0
-31.135898174497925,0.0
-12.118291308211717,0.0
-24.554392255769386,0.0
-6.904961481466481,0.0
-6.188262015277735,1.0
-7.080719166676062,1.0
-35.23915513199053,0.0
-9.006125938970143,0.0
-8.33056548191893,1.0
-12.338122192098815,0.0
-19.933515680534764,0.0
-11.460893338171143,0.0
-13.847080082886912,0.0
-28.188243674412686,0.0
-8.870389299918651,1.0
-16.435224581451884,0.0
-6.61997674568715,1.0
-10.717775007857004,0.0
-19.486525888540235,0.0
-16.111000905298333,0.0
-6.6977229029164596,0.0
-17.304115145785765,0.0
-8.788935360757723,1.0
-6.494661718107776,0.0
-22.052549190374826,0.0
-12.200250056114179,0.0
-9.375551474101353,0.0
-10.462595820356334,0.0
-16.02161727209782,0.0
-7.8536937319657385,1.0
-7.642118579249502,1.0
-14.682311697703776,0.0
-20.995506959579306,0.0
-14.843736063045425,0.0
-6.790853946859032,0.0
-17.555492593155275,0.0
-14.459770526267622,0.0
-9.583202994516189,0.0
-13.092933363414415,0.0
-12.252053989402752,0.0
-29.47379823801529,0.0
-14.118054062083312,0.0
-16.54139454259284,0.0
-7.351077865067129,1.0
-24.07840653630782,0.0
-17.70249860211827,0.0
-13.345353532318516,0.0
-8.898468811923966,1.0
-7.4399010560944685,0.0
-12.337359320376542,0.0
-10.124010776810664,0.0
-6.591644230204299,0.0
-8.059100773960546,0.0
-19.627506607514412,0.0
-24.271404029987632,0.0
-7.670279154755807,0.0
-6.3151310389340365,0.0
-23.50913216734488,0.0
-7.514045984581135,1.0
-7.947825546736365,1.0
-15.83028368965527,0.0
-8.043090555181072,0.0
-18.66318415289794,0.0
-16.292618395340863,0.0
-30.70370457335733,0.0
-13.838320396026509,0.0
-7.030342606095556,1.0
-16.628031500428566,0.0
-6.852757652208342,1.0
-15.486887082238148,0.0
-22.46444708943291,0.0
-14.979803355333848,0.0
-17.673106151157118,0.0
-16.813856267560308,0.0
-22.217219767899,0.0
-9.101075578895964,1.0
-12.266347427675036,0.0
-21.441661800607218,0.0
-9.58766250371448,0.0
-18.332122574738033,0.0
-7.272004656179565,0.0
-13.217672491758371,0.0
-8.007715959902129,1.0
-17.84238242520238,0.0
-8.042873689128236,0.0
-6.298230943826475,0.0
-6.707936764074392,0.0
-12.256139699257561,0.0
-7.313431939454316,1.0
-17.71419419139266,0.0
-21.264143278223056,0.0
-10.881329186838283,0.0
-19.29806477003473,0.0
-23.01866186044512,0.0
-6.414520370137776,1.0
-14.39912768998637,0.0
-6.770065150731545,0.0
-14.44392889426564,0.0
-7.103992289030058,0.0
-6.235589919047623,0.0
-5.954057701314693,1.0
-10.206358486579889,0.0
-9.100811481241925,0.0
-24.861338206933198,0.0
-21.78364126115363,0.0
-8.082900180863122,1.0
-10.231262289131385,0.0
-16.9772420153038,0.0
-15.570972604377316,0.0
-10.047004188534222,0.0
-6.961551237746705,1.0
-6.739495342903388,0.0
-28.677933914298542,0.0
-8.357989993835545,0.0
-10.338081687528687,0.0
-15.736148972839054,0.0
-5.928778365233038,1.0
-9.512993090705995,1.0
-12.538328706273193,0.0
-22.61982180902039,0.0
-7.64063250196708,0.0
-9.473380648150275,0.0
-6.463571122785985,0.0
-8.31800490880964,0.0
-6.86206660557626,0.0
-14.451113224033435,0.0
-9.002629015107741,0.0
-9.258053097597735,0.0
-6.6129064340471135,1.0
-6.580559795879455,0.0
-7.13137370334306,1.0
-24.356019330674442,0.0
-14.488239412469623,0.0
-8.660259425342895,0.0
-10.490723852603546,0.0
-21.266214208004083,0.0
-9.858742366804483,0.0
-7.951694666266342,1.0
-13.312591822350331,0.0
-8.091264806450422,1.0
-13.47871179189976,0.0
-27.431921803163654,0.0
-20.335270668297728,0.0
-10.869134213989689,0.0
-26.40976835056876,0.0
-19.432326226067534,0.0
-8.845236839564937,1.0
-13.628722945973065,0.0
-14.175882179222912,0.0
-12.15899908301423,0.0
-6.147910723127025,0.0
-6.725976842365321,0.0
-14.070712631651629,0.0
-12.836266168228732,0.0
-6.015923256358408,0.0
-12.732322188728155,0.0
-7.255162860714872,1.0
-6.734278453573341,1.0
-10.302235579485215,0.0
-6.461515320641151,1.0
-12.832782020743476,0.0
-8.96011686716246,0.0
-6.834679303254529,1.0
-11.379305789811701,0.0
-8.843281913195653,1.0
-7.890563155379486,1.0
-11.330562296068246,0.0
-9.113827697281497,0.0
-7.895530177085095,1.0
-7.378655323890331,0.0
-18.540880024987697,0.0
-7.209402197158822,0.0
-11.830881583561183,0.0
-15.994112575055643,0.0
-13.258374707793086,0.0
-12.37232033986106,0.0
-13.427394407996166,0.0
-14.466442753638338,0.0
-10.865405361107996,0.0
-9.696862171623374,0.0
-13.302758249394827,0.0
-7.221319614437893,0.0
-13.247717528330819,0.0
-13.528739762793947,0.0
-10.932218586846853,0.0
-7.284039427381771,1.0
-22.427008128422887,0.0
-17.06254209313276,0.0
-10.861081355286007,0.0
-6.737575549485324,1.0
-23.94046148769575,0.0
-9.107703835521304,1.0
-27.782461776637913,0.0
-23.57465057626724,0.0
-8.151211602948543,1.0
-9.604858796430575,1.0
-7.042013245272766,1.0
-12.441676374172308,0.0
-21.06125064471752,0.0
-19.28215356255274,0.0
-18.51159842251379,0.0
-10.60259501802114,0.0
-15.590638968615142,0.0
-19.806853642183516,0.0
-11.848398259169576,0.0
-7.8836993512495885,1.0
-15.748779329339671,0.0
-8.596298621246381,0.0
-22.617284527428012,0.0
-12.748353859217888,0.0
-12.101667367619205,0.0
-8.289601846512374,0.0
-7.345996726229401,1.0
-21.08447793323239,0.0
-12.247118014099216,0.0
-25.739787534240016,0.0
-22.883473459744565,0.0
-7.948129471005783,0.0
-7.602531979420783,1.0
-20.914277682858717,0.0
-25.550796509954452,0.0
-28.98861713597779,0.0
-25.241683706341437,0.0
-19.046956095371744,0.0
-18.57553864355126,0.0
-8.82085648448122,0.0
-6.79423365077353,1.0
-6.659363265461356,0.0
-8.588362279683242,1.0
-16.160442040422847,0.0
-10.114009782349378,0.0
-22.168599275456824,0.0
-12.17161075550264,0.0
-7.411534136437592,1.0
-7.764672173904287,1.0
-9.257873087747571,1.0
-27.764233994539495,0.0
-8.408173835663094,0.0
-13.58954326004021,0.0
-7.042688917829187,0.0
-13.12854825007714,0.0
-6.378201951113147,1.0
-8.59190667305385,1.0
-6.9079676553921985,0.0
-8.310704972635682,1.0
-13.08451555591976,0.0
-9.521923549905823,0.0
-16.89580894080054,0.0
-19.803492458859616,0.0
-7.419386063404138,0.0
-20.220547365644318,0.0
-20.37346625749414,0.0
-13.513312105237775,0.0
-7.149252777149014,1.0
-17.254253380667024,0.0
-9.45145786978677,0.0
-9.20116016593158,0.0
-15.413619311178063,0.0
-12.693612914667167,0.0
-6.898710153677849,0.0
-8.170055785260699,1.0
-17.69169488906114,0.0
-7.676161031692944,0.0
-10.34203836457229,0.0
-25.93895148532108,0.0
-6.8627180888686485,1.0
-6.61019147974337,1.0
-7.1426873451760216,1.0
-13.561048287678512,0.0
-10.589827138851588,0.0
-20.549371620533154,0.0
-9.925098222207824,0.0
-7.733099686948748,1.0
-10.701590883936854,0.0
-16.636602710271532,0.0
-8.55729781099863,0.0
-7.145154335662275,1.0
-8.089590535554924,1.0
-8.682363838810662,1.0
-16.829581654857922,0.0
-7.6691772746737605,1.0
-9.604605439928676,0.0
-8.310414439117242,1.0
-20.37700628272969,0.0
-8.506387682514353,1.0
-10.86276998223886,0.0
-8.686052250188826,0.0
-8.05815859834215,1.0
-30.876007382340834,0.0
-8.835995335908494,0.0
-7.096746490974705,1.0
-6.718098649528009,0.0
-7.061433517274061,1.0
-7.816663941973544,1.0
-27.789527141819068,0.0
-26.265103122775564,0.0
-7.775315522705004,0.0
-29.38331588028932,0.0
-9.963245570040094,0.0
-13.653406432657384,0.0
-17.583651715600812,0.0
-7.1386984394464745,1.0
-13.993429297710577,0.0
-16.228262104575194,0.0
-6.77577498600071,0.0
-10.891356593638,0.0
-22.06481607427156,0.0
-13.718452333560764,0.0
-8.79783503886017,1.0
-23.836131279317556,0.0
-23.36913779756191,0.0
-6.601132036806181,1.0
-9.25028028538241,1.0
-10.721023156093514,0.0
-15.459616148806813,0.0
-24.963901778497835,0.0
-15.953451153472878,0.0
-10.577456161628811,0.0
-23.455485907720636,0.0
-11.981843362749087,0.0
-9.518570312029112,1.0
-14.61391681220777,0.0
-12.589517701931682,0.0
-8.597746190790438,1.0
-6.442457925470777,1.0
-14.70836511562003,0.0
-10.570265715900694,0.0
-17.552569082913774,0.0
-6.231465436660555,0.0
-9.37994834620439,0.0
-9.373090259127727,0.0
-30.198861906528055,0.0
-6.130243846993257,0.0
-13.138662357064142,0.0
-13.972633346235275,0.0
-13.560722561607683,0.0
-7.933142095190884,0.0
-8.073661975335952,1.0
-6.863041611506511,1.0
-26.49979737589656,0.0
-16.53025161054113,0.0
-8.50024031966554,1.0
-7.805180768390725,1.0
-25.341706857308292,0.0
-9.887770103485385,0.0
-16.22019357363524,0.0
-12.51278827684856,0.0
-10.249302026758114,1.0
-10.318958634430638,0.0
-15.532883062123732,0.0
-10.953596506428514,0.0
-13.06571931833157,0.0
-8.497197014779111,0.0
-6.377672150968747,1.0
-20.40168738856497,0.0
-15.702907563366868,0.0
-16.634545016225953,0.0
-12.220805242906538,0.0
-9.467458702033559,0.0
-6.931388956154613,0.0
-6.514828085496561,1.0
-21.675348948573703,0.0
-7.922051887314872,0.0
-17.389262652970334,0.0
-8.303679875325642,0.0
-7.195477536788245,1.0
-20.687442013925782,0.0
-16.32208748488652,0.0
-17.983950609448428,0.0
-10.475007247418302,0.0
-12.456570602756218,0.0
-12.051233811468697,0.0
-7.190116352482521,0.0
-16.892318387790073,0.0
-28.5337380305409,0.0
-19.664252166716864,0.0
-6.8186370225663735,0.0
-15.325886064885744,0.0
-17.788085729939755,0.0
-17.792548382346347,0.0
-6.903803384408303,0.0
-22.0834493195968,0.0
-12.907027813923365,0.0
-11.464447260475655,0.0
-26.165716867241912,0.0
-21.437410900799506,0.0
-11.443382224034087,0.0
-21.33559950955868,0.0
-6.919862170464624,0.0
-22.45784809853257,0.0
-6.856681518093553,0.0
-7.289466598089692,0.0
-12.146731041134322,0.0
-20.674377863384358,0.0
-6.958834875604376,1.0
-12.792650591934345,0.0
-21.97972924290751,0.0
-7.99855033606017,1.0
-15.836300801940125,0.0
-14.861306793608591,0.0
-5.9669708305077105,1.0
-12.799160049639065,0.0
-8.186282275772516,1.0
-16.733755724003537,0.0
-9.311104353239616,1.0
-20.392285421573913,0.0
-23.75737000777078,0.0
-21.279856026109822,0.0
-10.875640676454655,0.0
-21.423879499866285,0.0
-6.2029692279510105,1.0
-7.026082273422256,1.0
-22.6525297938119,0.0
-4.674228335414379,1.0
-16.44058036427689,0.0
-6.567276672108545,1.0
-13.52108852076952,0.0
-29.507965584415263,0.0
-9.442988126411535,0.0
-16.813468369322667,0.0
-8.248461702244903,1.0
-10.491188419969298,1.0
-7.065515969599843,1.0
-6.235854158422125,1.0
-9.300182931831438,0.0
-9.898062674857346,0.0
-8.520662833652045,1.0
-21.722360446322753,0.0
-7.854835529278897,1.0
-7.339616373459243,1.0
-8.446320441125142,0.0
-8.754536971400368,0.0
-8.887970633158412,0.0
-21.575026816154267,0.0
-5.620763128710959,1.0
-6.65936378825919,1.0
-7.347640557824607,1.0
-18.36798866613772,0.0
-8.94137034347634,0.0
-15.081778402145536,0.0
-17.03458357647065,0.0
-10.62261466691373,0.0
-13.155701801510673,0.0
-25.004025193530982,0.0
-13.681307169911404,0.0
-9.40361745262697,0.0
-12.634341269596622,0.0
-14.083933890766355,0.0
-24.860567549512425,0.0
-14.50439501904999,0.0
-11.450537663057236,0.0
-9.855197098694228,0.0
-15.267153280050387,0.0
-7.112211279516393,0.0
-6.0811354368212465,0.0
-20.8030404495156,0.0
-18.11742256317951,0.0
-22.20417978750975,0.0
-6.333837411792172,1.0
-8.555445000102948,1.0
-9.716862361299325,0.0
-16.646096554728274,0.0
-16.120328259775444,0.0
-13.02308445951644,0.0
-6.030610619992609,0.0
-15.17324024539545,0.0
-6.537491685047713,0.0
-6.446377804393949,1.0
-22.093359969856582,0.0
-15.576519343036576,0.0
-8.337702030904195,1.0
-8.847548037451281,1.0
-11.738320574469308,0.0
-10.774376806051935,0.0
-5.414117258135493,1.0
-14.59466748475104,0.0
-12.132052588431558,0.0
-10.89387290918565,0.0
-14.201717390145335,0.0
-19.08063818620342,0.0
-22.29359117854021,0.0
-6.160946471922897,1.0
-10.19635944762444,1.0
-12.105029175300562,0.0
-23.1957991759612,0.0
-7.4653568729003155,1.0
-7.587296704977553,0.0
-6.16328464520439,1.0
-19.448784219302667,0.0
-18.49939704910696,0.0
-17.214593761976456,0.0
-23.9477954504675,0.0
-14.520858071793718,0.0
-21.755410980836796,0.0
-8.193149517556078,1.0
-20.207558876799503,0.0
-21.53051672405083,0.0
-15.178496092451502,0.0
-19.51939735929602,0.0
-8.904475654052922,1.0
-6.014252744798282,0.0
-6.441754235010061,0.0
-5.215361948759831,0.0
-9.415814201694857,1.0
-6.613814349233361,1.0
-21.13081161126781,0.0
-22.058395685122242,0.0
-21.66124828131015,0.0
-20.424004046629566,0.0
-7.561803534278479,1.0
-7.394246329186144,0.0
-27.46993305504875,0.0
-6.346550388939922,1.0
-7.669885117424992,0.0
-10.295667899052487,1.0
-6.6295692380709195,1.0
-24.919689279591672,0.0
-16.64372334637689,0.0
-6.629887423042822,1.0
-24.550942061742067,0.0
-19.130595388625707,0.0
-7.601712335727056,1.0
-5.372801048023594,1.0
-18.541474220704167,0.0
-21.903158011736988,0.0
-5.439494459130035,0.0
-17.046945967352475,0.0
-6.7036384618676275,1.0
-12.4200437840552,0.0
-21.31171960303566,0.0
-21.33959429017052,0.0
-10.738293473727852,0.0
-22.905104075225104,0.0
-23.044318179862373,0.0
-7.092575717202572,1.0
-16.42129606129832,0.0
-7.4604016541277955,1.0
-8.987168571883089,0.0
-6.423874091638119,1.0
-21.057624706475863,0.0
-24.314267144407193,0.0
-15.043808246028432,0.0
-6.961381393782979,1.0
-12.215955779611614,0.0
-15.97432510612399,0.0
-6.766995588903398,1.0
-7.124784859730616,1.0
-19.7025286365889,0.0
-18.926091180144045,0.0
-6.866117829254994,0.0
-12.498905973607874,0.0
-13.954975630636381,0.0
-17.752162390750733,0.0
-17.19539035947125,0.0
-24.82230192552764,0.0
-10.993414836195678,0.0
-6.838299314368323,1.0
-4.850451402835626,1.0
-15.909766110491033,0.0
-8.92226874810045,0.0
-19.46050014909272,0.0
-21.379863773148998,0.0
-24.372029036416745,0.0
-21.309528294889386,0.0
-5.749164225111068,1.0
-26.65475737377582,0.0
-12.301165333359432,0.0
-15.51440595670106,0.0
-7.847291048994797,1.0
-16.264064514758534,0.0
-14.560664996259828,0.0
-26.215852899675337,0.0
-18.271041124969415,0.0
-14.360238556298407,0.0
-6.5595756650226305,1.0
-9.892055302846485,0.0
-13.993160698525857,0.0
-14.815546112976499,0.0
-26.178332806681755,0.0
-7.481730188139606,0.0
-7.133646942088366,1.0
-6.244488708813393,1.0
-20.55529386150317,0.0
-21.850567509018187,0.0
-17.802975304124764,0.0
-12.800138345882054,0.0
-15.107132958763831,0.0
-10.613465869323674,0.0
-14.665741091407352,0.0
-11.97116644184377,0.0
-17.355825756122332,0.0
-12.082413924017729,0.0
-13.228939210636499,0.0
-5.943516968147039,1.0
-11.587624594291285,0.0
-26.534941335961125,0.0
-6.923579110595187,1.0
-7.93510828697949,0.0
-6.104845285737621,0.0
-17.030468976516346,0.0
-22.654000150694287,0.0
-8.536202127561438,1.0
-9.173812731006516,1.0
-8.819785491067051,0.0
-16.796667181729756,0.0
-15.790057150852835,0.0
-24.44943383658543,0.0
-17.768594167903736,0.0
-14.126831927879651,0.0
-6.548885299103041,1.0
-8.689795900371552,0.0
-15.576106809013396,0.0
-11.602553569713463,0.0
-8.094817073581309,0.0
-6.43507364818131,1.0
-23.467261333926018,0.0
-6.476107044785164,1.0
-21.687271916846033,0.0
-26.439547177524727,0.0
-9.952073819432906,0.0
-17.64647186164801,0.0
-16.57798201017436,0.0
-6.225614638077899,1.0
-13.693860857376437,0.0
-22.50757949293249,0.0
-6.37526007202756,0.0
-11.761843602472569,0.0
-25.31490239198373,0.0
-16.600473271376742,0.0
-6.857337414161721,0.0
-7.244177611510643,1.0
-8.54537139166248,1.0
-6.223621166835585,0.0
-16.745016109199135,0.0
-23.8416843885831,0.0
-15.737401651651522,0.0
-22.160650165016648,0.0
-18.464541232052063,0.0
-6.6132886084186575,1.0
-20.084259826330175,0.0
-13.129175974028264,0.0
-11.398244425015116,0.0
-14.448825388355505,0.0
-10.64951060741741,0.0
-16.546237150798866,0.0
-12.619516555920198,0.0
-6.856047023197745,1.0
-6.804528447967674,1.0
-12.370366645464383,0.0
-8.031878883764918,1.0
-6.490297967794418,1.0
-5.149603932200737,1.0
-6.73015346705872,1.0
-12.266104141995223,0.0
-5.639645916403056,1.0
-7.240587041867693,0.0
-8.148734379054359,0.0
-12.630808090170062,0.0
-15.276664790187601,0.0
-21.262323836412282,0.0
-6.764950524744491,0.0
-17.75851706475542,0.0
-20.618153304771987,0.0
-16.05159767112074,0.0
-32.42974992996932,0.0
-15.4510685127267,0.0
-17.34610911507142,0.0
-7.140378375492434,0.0
-9.060022242707271,1.0
-7.943166192017244,1.0
-6.808396308290802,1.0
-17.68881537920289,0.0
-10.067539491573923,0.0
-23.582482909187032,0.0
-8.91119454914052,1.0
-5.995663516717458,1.0
-9.297729043679235,1.0
-6.616388686900195,1.0
-9.106622830202049,0.0
-5.8703788261794,0.0
-10.371149192184285,0.0
-14.27064364908132,0.0
-6.2241706752920996,1.0
-6.830569231827944,1.0
-7.947676202063426,0.0
-5.964427196747841,1.0
-15.351340539130005,0.0
-7.021205926599746,1.0
-14.888479921571248,0.0
-6.5412555927933065,0.0
-15.1885318782607,0.0
-6.199707478295007,1.0
-7.608483260264566,0.0
-6.311100861893439,1.0
-19.18650346319017,0.0
-22.187140838262312,0.0
-7.199257652611695,1.0
-12.805628980329317,0.0
-5.901267915420276,1.0
-12.680021399469945,0.0
-6.463095981895312,1.0
-8.089086781600997,0.0
-20.011304024722662,0.0
-5.6832769928415585,1.0
-19.226738017079697,0.0
-7.346365695748985,1.0
-13.605954371338164,0.0
-23.347527310633307,0.0
-6.624397042271091,1.0
-14.614222701904186,0.0
-8.236830278596937,1.0
-14.111466664880233,0.0
-7.208577840682935,1.0
-14.528259736395718,0.0
-11.088470515765854,0.0
-8.455906810092984,1.0
-21.448612760979348,0.0
-21.960699443134832,0.0
-18.627993584122677,0.0
-20.133112429421242,0.0
-7.914272791143318,1.0
-10.974704179936053,0.0
-17.130545427767665,0.0
-8.238818606024543,1.0
-9.823388408797014,0.0
-9.351984172948827,0.0
-10.569368068447574,0.0
-6.377813085323042,1.0
-26.125643637814537,0.0
-7.245233739411956,0.0
-18.933714500333444,0.0
-26.55569219807462,0.0
-12.936152194586677,0.0
-15.998250125542757,0.0
-7.896416456930338,1.0
-13.458338158510475,0.0
-19.34441549622905,0.0
-18.009929719193018,0.0
-8.40086652931583,1.0
-14.467235411250162,0.0
-6.6414468329622895,1.0
-11.781472398688377,0.0
-9.404257691126206,0.0
-7.751668424083957,1.0
-6.87897047364676,0.0
-16.19361166858545,0.0
-10.73858153975592,0.0
-8.884854803080014,1.0
-7.010709825098242,1.0
-17.325073649653948,0.0
-10.647792543402474,0.0
-6.264178091044286,1.0
-15.938492489921286,0.0
-6.725290841682524,1.0
-8.94920956172324,1.0
-6.250580458473465,0.0
-6.92872894094898,1.0
-6.774866034168516,1.0
-6.481936964161211,1.0
-9.645656509525864,0.0
-13.074320092889382,0.0
-17.986350282984112,0.0
-7.247143025029009,0.0
-14.195178190599393,0.0
-7.998209695394465,1.0
-17.746193613391608,0.0
-6.851673635712573,0.0
-20.073560589827906,0.0
-6.277092862331659,1.0
-6.084660752088101,1.0
-6.469637882349043,1.0
-17.885784736726176,0.0
-13.790301863044375,0.0
-16.073072669968226,0.0
-6.566688999452204,1.0
-24.79479628723133,0.0
-5.387716712341942,1.0
-6.01051639196727,1.0
-12.720984392816822,0.0
-13.333134686786229,0.0
-9.19797167747389,0.0
-6.596502954734682,1.0
-8.164707894779054,1.0
-12.015532447516788,0.0
-28.259528529317002,0.0
-20.86724948239527,0.0
-20.194918199494506,0.0
-18.31204986223051,0.0
-10.064817884397131,0.0
-5.887791982056011,1.0
-14.409100676311242,0.0
-9.035910109434592,1.0
-9.840273579116444,0.0
-26.61278611475111,0.0
-12.571727139228264,0.0
-6.427382491561832,1.0
-12.823769820549174,0.0
-13.85494126196165,0.0
-9.969017571059522,0.0
-6.371882452263251,1.0
-14.425838297888705,0.0
-10.475804024793188,0.0
-22.55946586424085,0.0
-21.387388047679895,0.0
-23.012434423375847,0.0
-8.283161479053609,1.0
-6.354976541433746,0.0
-11.853029574228678,0.0
-9.942922157855318,1.0
-12.3855640037433,0.0
-8.118064537610008,0.0
-8.542611839424206,0.0
-23.10891903841383,0.0
-5.7691240235013055,0.0
-22.45574008038116,0.0
-6.595725513553858,1.0
-22.220231881172705,0.0
-18.369446411212405,0.0
-6.786720289829122,0.0
-13.95820584007539,0.0
-8.412426330122113,0.0
-7.625739124891026,1.0
-6.810741580133669,1.0
-5.927349527653634,1.0
-8.010967424648497,1.0
-6.176883823606814,0.0
-8.043109480735373,0.0
-6.15838739929424,1.0
-21.787822709470312,0.0
-13.385136826501794,0.0
-19.727249949989407,0.0
-6.14544157731325,1.0
-7.096634827452164,1.0
-22.307206240175315,0.0
-6.017996451943409,1.0
-6.502540710299449,1.0
-8.415462340045469,0.0
-7.524080424896164,1.0
-7.003938774417373,0.0
-16.497260710971545,0.0
-6.780679873917979,0.0
-12.78844810328447,0.0
-10.13188603664668,0.0
-7.40875481346905,0.0
-6.970451311307448,0.0
-15.079783929513168,0.0
-10.123806024396792,0.0
-6.336495976291999,1.0
-6.848471898524863,1.0
-7.075653945876916,1.0
-26.944961876781704,0.0
-13.815577484315515,0.0
-7.275570221106321,1.0
-14.348311710359937,0.0
-12.860412482540209,0.0
-10.202719832735895,1.0
-8.397521459047377,1.0
-22.20220378246245,0.0
-10.369202638987673,1.0
-18.285599548310984,0.0
-7.0696111498552066,0.0
-8.859433346022003,0.0
-12.7061286086978,0.0
-13.719494502894284,0.0
-7.6045718931118484,1.0
-6.610186383594881,0.0
-20.54997547065798,0.0
-21.16759989131591,0.0
-9.413925577395194,1.0
-11.128989665656933,0.0
-8.005504686108976,1.0
-5.272310372987516,1.0
-6.907718207464454,0.0
-21.75024856292997,0.0
-6.468864868792371,0.0
-13.55386539801261,0.0
-7.035494785764134,1.0
-16.612244807922362,0.0
-28.129829764171976,0.0
-7.545821062522014,1.0
-7.097169325807527,1.0
-6.293329541464023,1.0
-18.713022451288488,0.0
-7.7789599110402055,1.0
-19.41501640080243,0.0
-12.106034349661563,0.0
-7.060150557016366,1.0
-8.914515828086724,1.0
-23.46763348447293,0.0
-24.626122988009477,0.0
-12.040441718938721,0.0
-10.98481672871445,0.0
-19.44895038086152,0.0
-5.978514781167496,1.0
-5.513537870837083,1.0
-6.149372392804726,1.0
-17.907000705371452,0.0
-18.30144462817516,0.0
-15.146698176185987,0.0
-7.971482278790006,1.0
-13.428179041276158,0.0
-8.240805005634043,0.0
-21.93484972461333,0.0
-6.1978168173044255,1.0
-26.383862252816485,0.0
-6.293076431596928,1.0
-12.961895565100088,0.0
-5.544114354505833,1.0
-6.769271916134499,1.0
-22.09179357522275,0.0
-7.164845798805008,1.0
-6.443140929917765,1.0
-26.376058988923443,0.0
-6.97043723450541,0.0
-25.31900389521964,0.0
-20.15838087153364,0.0
-10.088904248051136,0.0
-14.307407303683174,0.0
-8.858358569193276,0.0
-7.001697315497954,1.0
-5.591623071908607,1.0
-7.106362081245208,1.0
-15.068879754410899,0.0
-19.61376423600646,0.0
-10.66935162096673,0.0
-23.018963785497522,0.0
-9.386933019195174,0.0
-8.656554804375984,0.0
-7.449139787229147,1.0
-13.745971769670607,0.0
-26.060721411608043,0.0
-14.640610697462206,0.0
-6.331878749270568,0.0
-21.138974573526188,0.0
-7.450238794234746,0.0
-18.67944914061499,0.0
-12.212986881012869,0.0
-21.87273295111152,0.0
-10.997143482206434,0.0
-15.923757098065414,0.0
-5.966831733387353,1.0
-13.042115798659971,0.0
-9.637770797983661,0.0
-21.854950484923002,0.0
-9.925154065521197,0.0
-11.342014906838262,0.0
-10.375501005923255,0.0
-16.168729435449396,0.0
-9.176751128128789,0.0
-6.4398925161505725,1.0
-7.178275222724648,1.0
-6.707670813192453,1.0
-6.297338139176173,1.0
-21.054306833312104,0.0
-7.816528039156,1.0
-13.743695988070504,0.0
-16.028678204398663,0.0
-11.055653809762564,0.0
-6.58572086255332,1.0
-9.131105232939312,0.0
-10.42213147023795,0.0
-7.137226720717261,0.0
-27.928891242403306,0.0
-8.802854641923732,0.0
-10.954484800073947,0.0
-12.033858854071362,0.0
-15.7881467193023,0.0
-13.443511944848844,0.0
-14.091238269598044,0.0
-16.593110293246774,0.0
-15.799659613381117,0.0
-6.706108748770491,1.0
-5.706253107255896,1.0
-6.3405394571947085,0.0
-21.006776532887457,0.0
-8.427571346207097,1.0
-28.599197846303916,0.0
-24.65811596666148,0.0
-13.065384440433256,0.0
-16.969855564576317,0.0
-5.414611889344586,1.0
-21.190914252824843,0.0
-9.783314745807445,0.0
-13.06395050127442,0.0
-20.88560716414004,0.0
-14.066549379994784,0.0
-16.871421270791586,0.0
-7.194924887464541,0.0
-6.684366989405667,0.0
-5.695579855548839,1.0
-15.44485719999762,0.0
-9.139145175558681,1.0
-6.895032505479827,1.0
-23.5197171651572,0.0
-10.403865189852207,0.0
-24.458947330827687,0.0
-13.394200300751615,0.0
-15.229084696465105,0.0
-8.296673179327195,0.0
-5.966786786316007,0.0
-20.128088053810725,0.0
-6.53236190646062,1.0
-17.023082577907566,0.0
-10.837101313981675,0.0
-8.638865336822652,0.0
-7.271642437515618,1.0
-15.222729165161713,0.0
-6.37207449707211,1.0
-13.588271748453666,0.0
-16.60809890462204,0.0
-25.330801013752357,0.0
-8.472784992204337,1.0
-6.186636396204838,1.0
-10.021269173230298,0.0
-8.443783563871593,1.0
-13.07584307678929,0.0
-6.690612694671297,0.0
-6.0276901951546495,0.0
-16.588549616732976,0.0
-14.372208904145833,0.0
-27.341726662533226,0.0
-9.860523704926488,0.0
-14.290828867192445,0.0
-7.662020668528819,1.0
-9.457187467215805,0.0
-6.4943323797948445,1.0
-7.5625755243632415,0.0
-20.597027555120032,0.0
-6.455146079415883,1.0
-20.89507026896104,0.0
-12.278037698848408,0.0
-7.47454782810728,1.0
-6.434318544726465,1.0
-21.1680625318139,0.0
-24.34907759025806,0.0
-10.760739922552636,0.0
-15.174297938623143,0.0
-10.958209725765638,0.0
-13.782870548571308,0.0
-17.496171908852507,0.0
-15.222365974766124,0.0
-6.392398461031294,1.0
-6.470417673088766,1.0
-7.209503623395688,0.0
-6.963030159473744,1.0
-13.890380011998934,0.0
-14.304308241005515,0.0
-11.761568478163824,0.0
-5.903820543927031,1.0
-5.941901592108581,1.0
-5.936248343066291,1.0
-9.735245366021134,0.0
-8.49246374767585,0.0
-11.076457324694223,0.0
-6.12731436211248,0.0
-17.787731285011667,0.0
-28.879604197952563,0.0
-20.858514757241775,0.0
-9.82637072337816,1.0
-6.443652231183285,1.0
-14.582041461970423,0.0
-17.93589613665673,0.0
-6.628213643238839,1.0
-15.497979062799335,0.0
-28.86856479238071,0.0
-13.332949336290248,0.0
-5.716169139920179,1.0
-26.742487835414533,0.0
-26.80263236320077,0.0
-6.3005443573719155,1.0
-6.289396314520146,1.0
-6.913528939102977,1.0
-14.38856665288195,0.0
-21.22818246481424,0.0
-30.474483567338083,0.0
-17.318456393593134,0.0
-10.202360117208523,0.0
-18.503367997072676,0.0
-13.508907279730508,0.0
-15.821422522354528,0.0
-26.84966217880123,0.0
-28.807365781731786,0.0
-16.85206683377619,0.0
-24.645887531914532,0.0
-6.748780879062691,1.0
-6.854268577553414,1.0
-7.495721685917288,1.0
-22.840050423247092,0.0
-25.784644682134438,0.0
-27.536464902873117,0.0
-16.75679841481127,0.0
-15.682754670970185,0.0
-22.01394021421644,0.0
-9.687003741242954,1.0
-12.595068869327362,0.0
-7.95638600833121,1.0
-5.458076191589822,1.0
-12.397349154150339,0.0
-6.755652001807345,0.0
-22.654325093983232,0.0
-19.266162283130985,0.0
-6.250156447880869,0.0
-13.843051372230676,0.0
-6.053234649987861,1.0
-20.09817881017399,0.0
-15.149758779235952,0.0
-7.023171331223229,1.0
-7.4648739574341505,1.0
-20.031630242486255,0.0
-23.23734804122376,0.0
-5.858592901215219,1.0
-6.2525446601577785,1.0
-6.148458582858322,1.0
-9.47026565661556,1.0
-19.170093049597714,0.0
-5.770229162874908,1.0
-15.327497271166754,0.0
-8.016198329771084,1.0
-17.95223709820937,0.0
-20.57125818479755,0.0
-14.08058504068133,0.0
-13.589072539155085,0.0
-21.23521206799958,0.0
-7.226923829748851,1.0
-9.838889929961626,0.0
-15.01915976765663,0.0
-5.8929720686248395,1.0
-9.739589472405289,0.0
-24.74388815969807,0.0
-19.418513062606955,0.0
-18.91044610898131,0.0
-22.098638267839767,0.0
-10.9518910744182,0.0
-8.697238036179636,0.0
-9.250407154683518,0.0
-20.900929996528873,0.0
-7.977089399712843,1.0
-6.045220531902952,1.0
-11.278743237227767,0.0
-11.528976557888255,0.0
-8.075070432431074,0.0
-18.850985501622844,0.0
-27.62834175702156,0.0
-10.191814443034833,0.0
-9.716624501760698,0.0
-25.576396883125756,0.0
-6.404929203954031,1.0
-23.85047382692413,0.0
-22.416920836013777,0.0
-7.357154125154771,1.0
-17.676681583154213,0.0
-14.929984839772287,0.0
-6.688897118264425,1.0
-6.637748825636132,1.0
-27.11694290134517,0.0
-6.455197625850897,0.0
-11.193217416666176,0.0
-28.005986511824524,0.0
-11.823803412486118,0.0
-14.385036503364258,0.0
-10.1257429178471,0.0
-17.528338857954434,0.0
-6.8527408629362885,1.0
-5.875527645236242,1.0
-16.561373957519937,0.0
-7.1717070317470695,1.0
-10.860912638639709,0.0
-25.028795975296234,0.0
-6.99391753394114,1.0
-20.262934276921627,0.0
-19.091660649361685,0.0
-9.805431870169443,1.0
-12.856408727600336,0.0
-25.47419560401548,0.0
-18.928863108590193,0.0
-10.789301175307278,0.0
-6.675379325589194,0.0
-19.515745473227486,0.0
-14.15514563883967,0.0
-15.754572883685114,0.0
-9.862022665157317,0.0
-10.217846481986074,0.0
-16.043472650964766,0.0
-5.534773484431695,1.0
-22.246319507613254,0.0
-11.347085713459936,0.0
-17.07787064815854,0.0
-15.840201109353215,0.0
-5.948791410947247,1.0
-21.159491929868892,0.0
-19.020188060393227,0.0
-14.350550543135347,0.0
-6.6136379066708635,1.0
-8.652605437491157,0.0
-7.940740982496832,1.0
-8.394773257625518,1.0
-16.092473747771166,0.0
-21.453238598684358,0.0
-25.434246237665555,0.0
-19.167199376143653,0.0
-6.116340525534748,1.0
-6.53058138193454,1.0
-22.970320456044632,0.0
-22.790267561024493,0.0
-13.104469114339318,0.0
-7.963002298099931,1.0
-6.258847145947791,1.0
-7.0468280730726365,1.0
-9.559125275720797,0.0
-17.223605215933013,0.0
-22.683297950887237,0.0
-12.722937216427285,0.0
-7.84960615769022,1.0
-12.013063569261831,0.0
-5.276840963101722,1.0
-24.324985014470084,0.0
-13.381066365366786,0.0
-20.806446109184556,0.0
-6.403926821622388,1.0
-22.118908723979235,0.0
-7.167890163723073,1.0
-15.487963214832913,0.0
-14.155106847311792,0.0
-17.399112577946106,0.0
-5.172552326722917,1.0
-16.936891277205568,0.0
-17.888114292248595,0.0
-6.512399963896583,1.0
-21.491295981386312,0.0
-20.015887965047945,0.0
-12.067778350517434,0.0
-6.460549040030623,1.0
-21.468420498552092,0.0
-17.91750983622577,0.0
-13.213486683194374,0.0
-8.283681942920847,0.0
-12.666663603954692,0.0
-19.087391308576745,0.0
-22.75174648079855,0.0
-12.406053001548726,0.0
-11.998056458695912,0.0
-20.870828134093326,0.0
-5.4493451995731785,1.0
-27.276657907035634,0.0
-9.95155433842809,0.0
-8.648849866881456,1.0
-22.21191797406854,0.0
-11.550223154786574,0.0
-22.450147740278698,0.0
-13.94707342110499,0.0
-6.112015642008245,1.0
-15.193487758875824,0.0
-23.87582308487441,0.0
-19.004296467153246,0.0
-5.291950775526527,0.0
-25.346168677184,0.0
-12.329763026546475,0.0
-18.872347669204853,0.0
-8.35890320733819,1.0
-5.282435718247435,1.0
-13.938890840644449,0.0
-6.247588748211548,1.0
-9.80093503611062,0.0
-10.66783667213239,0.0
-11.565742057006375,0.0
-13.984448254503512,0.0
-21.262175406575494,0.0
-14.3731529906322,0.0
-13.36644039912934,0.0
-23.294416304224118,0.0
-20.976912603453957,0.0
-14.128821256941688,0.0
-16.31962717564546,0.0
-6.738078376430995,1.0
-14.649329590946317,0.0
-14.094378013240664,0.0
-14.852687689177236,0.0
-12.32857087596465,0.0
-13.360084401162181,0.0
-5.214578601655489,1.0
-15.006490201135682,0.0
-7.813943894812009,0.0
-6.617018081675123,1.0
-21.038058504983166,0.0
-18.901954700481884,0.0
-19.224065068366837,0.0
-11.272063095992717,0.0
-6.151555067261146,1.0
-14.58864073373233,0.0
-6.39807969187696,0.0
-12.910311012632302,0.0
-5.691257542657932,1.0
-9.289509172666996,1.0
-18.420145628922075,0.0
-17.911974652371587,0.0
-17.36553343786779,0.0
-11.252534111518383,0.0
-5.556248789654807,1.0
-6.521343430352629,1.0
-21.1907581053403,0.0
-7.820161152946432,1.0
-7.220315888014784,1.0
-11.95987563463553,0.0
-13.41821807036486,0.0
-15.57065073534702,0.0
-29.902921364182394,0.0
-5.9897979639531,1.0
-21.716499220173436,0.0
-7.795044040047866,1.0
-8.49386170520026,1.0
-8.26623974977088,1.0
-5.50442922826286,1.0
-6.73188286671294,1.0
-5.4400576360078094,1.0
-9.293126623450766,1.0
-15.91168276978926,0.0
-27.973927640648526,0.0
-6.442341606410778,1.0
-6.303616501878706,1.0
-9.448463532962023,1.0
-6.1620952468599475,1.0
-12.308120185428988,0.0
-14.196696559266666,0.0
-5.640585387659265,1.0
-6.249314544985387,1.0
-5.7599324773406355,1.0
-14.941174567430021,0.0
-21.093552487652577,0.0
-15.089736268864566,0.0
-10.480037044714226,0.0
-12.957555253490154,0.0
-6.992609199196689,1.0
-5.982796783218261,1.0
-6.144711391302164,0.0
-18.92575771109648,0.0
-5.66120828154217,1.0
-8.528267277263959,0.0
-10.144386495648941,0.0
-8.645773846949956,0.0
-19.15064905006272,0.0
-7.467223712714517,1.0
-11.595590203896425,0.0
-13.631290332601395,0.0
-10.17723644899523,0.0
-17.617246208977768,0.0
-18.365048309131673,0.0
-11.730263755906917,0.0
-6.838040939600862,1.0
-18.297241011637663,0.0
-6.68954158277718,1.0
-7.569053385362845,0.0
-14.479225534929704,0.0
-10.209443194555455,0.0
-8.920957743227403,0.0
-12.231464843702673,0.0
-9.8767203408252,0.0
-9.049926480986525,1.0
-24.27227012472438,0.0
-9.687050090844764,1.0
-21.028450852543376,0.0
-10.194491302682172,0.0
-15.872042384510062,0.0
-15.95611129898963,0.0
-18.835969720609462,0.0
-5.506259902634631,1.0
-6.030701673116455,1.0
-15.312878573354809,0.0
-8.695253198619362,0.0
-8.298427934500483,0.0
-18.778473133986676,0.0
-16.6182396092323,0.0
-19.18532676878966,0.0
-23.990276984872057,0.0
-7.444540022513891,0.0
-9.783133072422206,0.0
-19.670001049694616,0.0
-16.36597197945643,0.0
-7.5642122213226415,0.0
-6.557765365964005,1.0
-17.733757664457958,0.0
-7.276397692430339,1.0
-21.91070349510849,0.0
-8.816130608654923,0.0
-5.9894933661342,1.0
-6.312314940565088,1.0
-18.983576415189383,0.0
-6.227135431852471,1.0
-6.620132950453373,0.0
-5.81860014906932,1.0
-7.324126481506703,1.0
-6.827089095768515,1.0
-26.12919670464857,0.0
-24.29756970546462,0.0
-11.07134652450037,0.0
-21.71499406072673,0.0
-20.38136198272417,0.0
-5.8345885286063295,1.0
-26.45554420375707,0.0
-21.961755036960103,0.0
-19.75351081904267,0.0
-5.696945461813455,1.0
-6.582074687038094,1.0
-5.499589848734671,1.0
-21.644118244026018,0.0
-13.822469486737223,0.0
-23.679330389495785,0.0
-8.88728515772925,0.0
-15.269990215494515,0.0
-6.167119764807739,1.0
-13.17686082194518,0.0
-6.568789097094816,0.0
-5.893383703652624,1.0
-6.288272321263941,0.0
-6.400904385205428,1.0
-20.471226959178285,0.0
-7.022678683256189,0.0
-10.710894235061923,0.0
-18.58918298786079,0.0
-10.168255618698803,0.0
-23.726782443238765,0.0
-17.209368371033214,0.0
-7.557129204599756,1.0
-16.872191710529858,0.0
-6.830142346048085,1.0
-6.686868933636058,1.0
-12.108280603583342,0.0
-20.79741626900333,0.0
-19.65625240077682,0.0
-13.767753991119692,0.0
-13.936487228816134,0.0
-6.550257328566926,1.0
-13.048599535685998,0.0
-5.595924993987774,1.0
-9.994077394417971,0.0
-16.724066188316755,0.0
-20.70167372350466,0.0
-6.357855138180759,1.0
-23.518707943194467,0.0
-25.47303503370644,0.0
-7.1844186597796105,1.0
-11.835010578506175,0.0
-13.020731745781392,0.0
-15.235930510838635,0.0
-22.05034860613021,0.0
-7.09166823242569,1.0
-17.30684247069304,0.0
-20.86898739562201,0.0
-6.818729566083563,1.0
-12.013805846020125,0.0
-8.783977073571348,1.0
-21.493913023018855,0.0
-9.490643762109322,0.0
-16.24753563778297,0.0
-15.627194262304684,0.0
-24.041626841612285,0.0
-6.122080702468351,0.0
-6.374449087295859,1.0
-5.702233297266862,1.0
-10.542133043376657,0.0
-8.183443144332651,1.0
-6.733888416833155,1.0
-22.01200006875113,0.0
-5.883681923177627,1.0
-6.313004906181683,1.0
-17.54511370347328,0.0
-14.774413392294683,0.0
-7.202909665298572,1.0
-17.976406733633393,0.0
-11.320952594498397,0.0
-5.913913260459593,0.0
-11.47170107252073,0.0
-15.98993715138435,0.0
-5.756223333393913,1.0
-6.500360478762395,1.0
-6.978983954649853,1.0
-7.433069495594404,1.0
-14.184694175542955,0.0
-14.543760341540397,0.0
-8.785530627826498,0.0
-6.062361673598368,1.0
-29.3541854440079,0.0
-26.405849873653956,0.0
-19.232061340410475,0.0
-22.670371242055175,0.0
-11.854988492613291,0.0
-4.459334233813072,1.0
-17.023544166885053,0.0
-9.410423190817971,0.0
-18.949217089831265,0.0
-7.831174806021164,1.0
-21.60567723149769,0.0
-25.48342303803157,0.0
-22.19671492415226,0.0
-6.536568092938869,0.0
-14.539942478574408,0.0
-17.792156164590367,0.0
-6.496959803882086,1.0
-18.45439944525098,0.0
-5.210553066125065,1.0
-4.606015792702624,1.0
-5.812382244621826,0.0
-24.14033311489515,0.0
-6.603284122084231,1.0
-6.962403978017303,1.0
-17.921168742766316,0.0
-6.063810926127897,0.0
-14.065079090392478,0.0
-16.379697717728313,0.0
-21.40969885017435,0.0
-5.5500738439359,0.0
-21.24719083629233,0.0
-10.164862311887752,1.0
-7.886174406534885,1.0
-20.003167148653002,0.0
-6.651710797875601,1.0
-24.34465821672435,0.0
-5.924858222300514,1.0
-5.717630177844983,1.0
-19.38858316057182,0.0
-18.838347850252696,0.0
-12.095901966413892,0.0
-27.003249819909275,0.0
-6.3783836764665445,1.0
-21.83165075396695,0.0
-17.155698385698525,0.0
-24.85691220690962,0.0
-17.196052025381306,0.0
-6.466779292102881,1.0
-16.602325264535715,0.0
-20.523158708080945,0.0
-13.718002132220615,0.0
-13.174220885323887,0.0
-5.200320857230605,1.0
-18.491328011395105,0.0
-6.224579719866071,1.0
-19.36755890310704,0.0
-14.003105400119725,0.0
-15.11649004529329,0.0
-11.855672319485631,0.0
-20.54056612777009,0.0
-9.65427728689382,0.0
-6.435488633065912,1.0
-7.7780764134346665,1.0
-13.009428715920146,0.0
-12.848035464024688,0.0
-8.892045681053146,1.0
-14.623386240737688,0.0
-14.935937707737644,0.0
-13.636194000980502,0.0
-19.77971850991858,0.0
-6.654369762322961,1.0
-7.154714708339068,0.0
-7.040155805769701,0.0
-14.157831472573879,0.0
-14.67758887172788,0.0
-7.866692377381985,0.0
-12.440632953687006,0.0
-10.581013557100206,0.0
-14.77135557467943,0.0
-12.766458257042133,0.0
-9.11429075348029,1.0
-6.970084030334333,1.0
-7.253783850791164,1.0
-6.291581654119236,0.0
-19.504542332084565,0.0
-15.655013078884604,0.0
-17.657379449507538,0.0
-10.768454388587848,0.0
-17.745265296984,0.0
-5.828622776180506,1.0
-7.55455754803739,1.0
-12.32987454933337,0.0
-19.736587777832135,0.0
-5.764699265948997,1.0
-17.502639288514107,0.0
-6.365740343072097,1.0
-12.324530754638122,0.0
-6.046406917724511,1.0
-20.439104952416848,0.0
-16.513514545156156,0.0
-5.088937363622266,1.0
-13.178943623441192,0.0
-13.398790479288937,0.0
-14.35045764844284,0.0
-6.0092401153332,1.0
-6.868444441552994,1.0
-14.81047509573183,0.0
-19.072184688259487,0.0
-6.241950937436678,1.0
-12.754780753827255,0.0
-9.653546439654065,0.0
-15.626739512628248,0.0
-18.835946430226695,0.0
-17.678904698162533,0.0
-7.840058172344737,1.0
-18.678920822081974,0.0
-8.2082822010315,1.0
-13.821548360881144,0.0
-9.941188760537848,0.0
-7.286706006495499,1.0
-13.82341296505233,0.0
-19.316559086770365,0.0
-21.13680432904938,0.0
-7.013379698716456,1.0
-14.950377719332367,0.0
-8.05448164117855,1.0
-21.290714280215198,0.0
-14.718907216916213,0.0
-10.791143608008122,0.0
-18.49151597214782,0.0
-11.56305368898888,0.0
-8.34733208233589,0.0
-10.80972891870548,0.0
-17.733563109602493,0.0
-19.417408638659392,0.0
-31.745577599270277,0.0
-5.807839271172754,1.0
-7.0098781223768185,1.0
-16.12171893570353,0.0
-19.533426543354953,0.0
-21.63601083732494,0.0
-7.00888522647837,1.0
-12.961783982096227,0.0
-21.764533295203073,0.0
-4.928507722611025,0.0
-19.889966854824664,0.0
-7.463600009578366,0.0
-6.506018416755817,1.0
-5.854453202918168,0.0
-17.190361522152163,0.0
-12.048144221035534,0.0
-7.233392245247868,0.0
-18.353374429949803,0.0
-17.10509664200271,0.0
-7.189451539884947,1.0
-16.860303184761715,0.0
-7.272784968579831,1.0
-15.163928884129085,0.0
-7.140955357632782,0.0
-5.963935820137131,1.0
-5.503538939230888,1.0
-4.526356774346077,1.0
-24.091976348588023,0.0
-5.970880157914883,1.0
-12.355314534301273,0.0
-8.99148546103692,0.0
-6.880289355064921,1.0
-10.4977396433129,0.0
-15.354982226759281,0.0
-15.481437534040698,0.0
-26.375105337430487,0.0
-8.400722474833849,1.0
-14.701717532841002,0.0
-10.165277159416204,0.0
-10.257546980088355,0.0
-12.3415017436098,0.0
-5.567181624886503,0.0
-15.850562754840515,0.0
-20.342626647914997,0.0
-12.805368410107981,0.0
-6.080817294452915,1.0
-11.421213572386941,0.0
-21.192695737947886,0.0
-8.290114940919219,0.0
-6.3842375124761555,1.0
-25.409894738225873,0.0
-5.405036166507685,1.0
-7.663497162638807,0.0
-23.329767915698397,0.0
-5.751785212569702,1.0
-18.587652775296863,0.0
-22.398551319881935,0.0
-14.464039734801885,0.0
-8.436834521481778,1.0
-23.140010992902674,0.0
-7.290811870133434,1.0
-19.1815613996142,0.0
-13.709561823660195,0.0
-20.375513303733353,0.0
-13.825322438408019,0.0
-11.170528202191234,0.0
-6.237601776073618,1.0
-7.185758859892013,1.0
-13.859277234122727,0.0
-12.068824738759371,0.0
-10.825055362362034,0.0
-22.66970094037307,0.0
-6.718239091102286,1.0
-7.364585147987003,1.0
-5.205138548836418,1.0
-5.425626167023659,0.0
-14.347321513054952,0.0
-5.582832704894663,0.0
-7.170041435334504,0.0
-8.846023684661668,1.0
-5.984772367120913,1.0
-5.88136614573613,1.0
-7.106226251658583,1.0
-11.574068322223468,0.0
-25.408476559946244,0.0
-4.7593163386727495,1.0
-5.418756904377133,1.0
-11.222738255738662,0.0
-8.119166491321614,1.0
-10.539187362930813,1.0
-18.87816613140627,0.0
-12.13685706982063,0.0
-14.56758780596065,0.0
-20.52078751577851,0.0
-6.191625958055831,1.0
-17.5472285795151,0.0
-25.681612446069476,0.0
-26.074166559570855,0.0
-17.811659340502885,0.0
-9.654181678440711,0.0
-7.898124520657721,0.0
-5.756036406961039,1.0
-21.17819517056409,0.0
-5.442652857863465,0.0
-10.025935582880045,0.0
-15.518476273690029,0.0
-10.245384225271497,1.0
-8.440913297343103,1.0
-5.407441456739016,1.0
-8.643203152154767,1.0
-5.609499792091663,1.0
-5.189944622606881,1.0
-15.436761307408739,0.0
-10.463733994803961,0.0
-18.04830159284063,0.0
-12.338468025095995,0.0
-5.840592758848613,1.0
-12.310996036075242,0.0
-14.703715317565743,0.0
-6.608023103765158,1.0
-11.498437274568678,0.0
-22.077217508456272,0.0
-21.808483690119367,0.0
-17.137810681960083,0.0
-5.714103481310582,1.0
-12.904404956973684,0.0
-6.2066190691313725,0.0
-7.62792579958238,1.0
-7.305384034910493,1.0
-21.94847676108904,0.0
-8.421799124116074,0.0
-6.34514346405368,1.0
-14.03129408307101,0.0
-18.972363237382822,0.0
-18.201205124699133,0.0
-28.134427375804922,0.0
-18.860814001413022,0.0
-24.448718683957615,0.0
-16.55295518988604,0.0
-10.712892643981277,0.0
-11.78361602503413,0.0
-13.571442853683223,0.0
-20.779901846906238,0.0
-21.33248722254317,0.0
-17.496421455325834,0.0
-14.290201754655303,0.0
-17.12188098430172,0.0
-13.215175750476474,0.0
-11.346739530902221,0.0
-7.810585345645161,0.0
-6.162124356096095,1.0
-8.290048637841775,1.0
-4.321921087770964,1.0
-20.012171879463217,0.0
-4.441163999552109,1.0
-9.550007295803997,1.0
-5.651293351416335,1.0
-15.957640791427188,0.0
-17.99371193687889,0.0
-20.95810251786358,0.0
-10.499266292568198,0.0
-6.120899621755203,1.0
-21.00618669856344,0.0
-24.21793927780398,0.0
-5.819318858619644,1.0
-6.025482090843347,1.0
-5.415094651212977,1.0
-16.21900258479707,0.0
-6.20488640397164,1.0
-25.477908423031252,0.0
-15.736083049343367,0.0
-5.589091841010817,1.0
-5.6980345107170995,0.0
-7.685212389421423,0.0
-8.385674011425387,0.0
-11.97009614511214,0.0
-9.430988370272495,0.0
-6.190104906089788,1.0
-13.491984458274889,0.0
-14.584502695319154,0.0
-15.17069729613936,0.0
-6.036365926559816,1.0
-12.39786186000763,0.0
-12.333531213010112,0.0
-12.373224886984007,0.0
-13.861841906857318,0.0
-13.246086409507495,0.0
-23.07535787361815,0.0
-9.373439554795652,1.0
-5.7653828938957945,1.0
-19.1723569280909,0.0
-14.82535922198171,0.0
-19.89087828169672,0.0
-20.355194929449226,0.0
-20.519184318747364,0.0
-24.897238498375536,0.0
-23.466755312283883,0.0
-19.498549290430873,0.0
-10.89527034438062,0.0
-9.739583877440932,1.0
-16.431588719231783,0.0
-5.2086142472009795,1.0
-6.670030676768068,1.0
-29.604079258111643,0.0
-9.723074465462345,0.0
-7.877940086103913,1.0
-6.277535614993541,1.0
-12.53333995993421,0.0
-18.33789752184442,0.0
-6.803243591034451,1.0
-5.72570611710267,1.0
-11.327675722686221,0.0
-6.6322477965831945,1.0
-25.4676356654948,0.0
-24.031973477647202,0.0
-12.713300871035559,0.0
-8.076662518558843,0.0
-12.51085627256283,0.0
-4.9542214448578425,1.0
-25.039583093999312,0.0
-14.310595926627938,0.0
-26.054103663870748,0.0
-5.535270483527346,1.0
-22.79474017521305,0.0
-17.161198468646198,0.0
-14.56945481285045,0.0
-25.13565684158822,0.0
-13.069545913345888,0.0
-20.205558017415065,0.0
-9.937815384734426,0.0
-5.421063625409631,1.0
-7.179091598541673,1.0
-21.58511183253182,0.0
-18.409361910409373,0.0
-18.05238203021673,0.0
-5.710585099676882,1.0
-14.421409325739145,0.0
-6.458241004757769,1.0
-11.332972091868516,0.0
-27.68777462603562,0.0
-10.517621267848252,0.0
-19.63267126645427,0.0
-5.508439942431115,1.0
-13.724389016705834,0.0
-7.388812303383899,1.0
-22.653917797885462,0.0
-14.616468891080928,0.0
-15.00046284093846,0.0
-6.983369338987985,1.0
-16.723282247819977,0.0
-22.831462474940448,0.0
-5.830225236255272,1.0
-15.655939856903139,0.0
-23.76456296571819,0.0
-15.919576087350732,0.0
-13.139944517809898,0.0
-6.088622975165722,1.0
-7.322682541221686,1.0
-6.7860093637232355,1.0
-9.54740083905126,0.0
-11.113400867266579,0.0
-9.645306205287678,1.0
-8.268345927486736,1.0
-12.951357915305666,0.0
-23.148632392844103,0.0
-23.217354695013476,0.0
-16.37149631577616,0.0
-12.004132420699978,0.0
-11.423665172995282,0.0
-21.903132591223248,0.0
-19.812008340873902,0.0
-5.407686457626473,1.0
-5.762021795394976,1.0
-14.453542528870548,0.0
-14.072837705583773,0.0
-6.800026903202792,1.0
-12.055522745857632,0.0
-15.210865295181657,0.0
-10.921293171050065,0.0
-6.741919674415679,0.0
-14.438834667333664,0.0
-6.494379405122524,1.0
-19.513875486615014,0.0
-7.94087899446397,1.0
-12.01651664873358,0.0
-5.7634428792904755,1.0
-20.335401253370566,0.0
-6.549687810668447,1.0
-24.480541396503224,0.0
-15.717410233737905,0.0
-21.66586745845384,0.0
-15.506862132237897,0.0
-5.8498951827746435,1.0
-11.931199393091028,0.0
-22.080552375570228,0.0
-17.871140092354583,0.0
-5.312454196048105,1.0
-5.514997366781354,1.0
-12.513306785310386,0.0
-21.14019206861357,0.0
-8.56121577309785,0.0
-20.908059635406826,0.0
-23.201171393224367,0.0
-14.005868016073569,0.0
-5.6942943955080825,1.0
-7.910694456026759,1.0
-19.453367594785327,0.0
-5.082646514202171,1.0
-8.191400016684398,0.0
-11.405269190235257,0.0
-6.4569099481624725,1.0
-9.826014339768431,0.0
-8.57186282724807,0.0
-17.058641450854598,0.0
-6.071068318506685,1.0
-7.6928042822958105,1.0
-15.799902023569022,0.0
-13.547118177971658,0.0
-8.56119357162192,1.0
-22.688233036821774,0.0
-10.814083177198086,0.0
-7.684799406645088,1.0
-6.666487203628725,0.0
-5.688736781438978,0.0
-7.242655402022019,1.0
-12.32299611181652,0.0
-19.341682625685877,0.0
-18.079320799463602,0.0
-17.62085228496161,0.0
-21.30017774842996,0.0
-6.012427638289546,1.0
-27.359079227811286,0.0
-8.028772231349327,1.0
-16.90381484562963,0.0
-7.612648012457742,0.0
-6.018212086438943,0.0
-17.328008576698664,0.0
-5.673233701600584,1.0
-16.208063587228622,0.0
-12.600005971233955,0.0
-5.4630178923568335,1.0
-28.580383879174526,0.0
-8.259430181163435,0.0
-5.823413276039195,1.0
-23.6915729158478,0.0
-7.849366358196802,1.0
-12.437576956875974,0.0
-7.300070585254812,1.0
-6.969070395350247,1.0
-7.381815688485946,1.0
-8.857802168504794,0.0
-22.51697885085009,0.0
-9.12358701480128,0.0
-6.1189356858550905,1.0
-21.841978044260635,0.0
-27.579342371654327,0.0
-5.284531441617991,1.0
-5.889227556976491,1.0
-22.759416564267173,0.0
-16.322468442735723,0.0
-22.98206200665208,0.0
-13.724680317232796,0.0
-24.408973968709077,0.0
-6.967738443683355,1.0
-17.92451068252474,0.0
-5.221525140489153,1.0
-5.843212944188578,1.0
-18.60307433127247,0.0
-26.14526211037808,0.0
-6.247759146333953,1.0
-15.974241933839982,0.0
-10.92787443141423,0.0
-24.98856880323674,0.0
-30.92280884731492,0.0
-15.361806746928137,0.0
-26.783958407220304,0.0
-22.152553180933193,0.0
-24.579029312408164,0.0
-10.900172662561081,0.0
-22.42152134444462,0.0
-9.396023585720753,0.0
-11.77906455201903,0.0
-20.337610510714896,0.0
-6.1215972376353065,0.0
-18.969259957751724,0.0
-6.120585940736353,1.0
-5.8290272929538665,1.0
-6.999123342657127,0.0
-9.9731776592555,0.0
-13.82734729357653,0.0
-5.730328767190052,0.0
-12.335668290451208,0.0
-17.76854261074475,0.0
-8.285494799709985,1.0
-12.267125589645929,0.0
-5.340621218582843,1.0
-10.323711223064809,0.0
-12.051487577773639,0.0
-30.06738570420764,0.0
-28.9642119818937,0.0
-12.71943558527252,0.0
-7.703743168549323,1.0
-10.758843654385737,1.0
-14.128676941225317,0.0
-6.337838855137856,1.0
-11.663908476218836,0.0
-22.70739592574511,0.0
-5.82496173298002,1.0
-25.511292764422713,0.0
-24.697225837036903,0.0
-18.605694489821804,0.0
-28.963528552126242,0.0
-5.912786002183552,1.0
-5.530077540636842,1.0
-9.933461933377915,0.0
-22.516503767968043,0.0
-8.898328795067833,0.0
-8.057075081914153,1.0
-6.394223042689589,1.0
-4.984804422425676,1.0
-21.286973836383506,0.0
-6.390151393862212,1.0
-14.511835747806959,0.0
-17.136081217517603,0.0
-6.025705777557179,1.0
-29.23870338272971,0.0
-20.76855372986945,0.0
-23.017842034094738,0.0
-15.892092953865111,0.0
-17.890492251570514,0.0
-5.734319615456813,1.0
-11.027978802078726,0.0
-14.779951560330316,0.0
-20.841734329927355,0.0
-22.859867665854182,0.0
-11.348792733549017,0.0
-6.3119958113880585,1.0
-5.500455943510139,1.0
-14.440424252536609,0.0
-18.08879357909889,0.0
-26.64584666396324,0.0
-9.777106372033066,0.0
-27.444802086489595,0.0
-16.320511620461186,0.0
-11.123132869404813,0.0
-7.1959133221112985,1.0
-20.32367584871003,0.0
-26.296382353059105,0.0
-14.45294170208347,0.0
-5.293849148222011,1.0
-6.839464962649656,1.0
-5.145638272283401,1.0
-8.465969969858776,1.0
-5.679607696190247,1.0
-5.6467393185161665,1.0
-4.726651816616324,1.0
-9.407384019009001,0.0
-20.156998132466892,0.0
-12.95435799815845,0.0
-14.281680086978678,0.0
-16.51400743974216,0.0
-15.424844315818529,0.0
-17.629111178591522,0.0
-6.243624700608251,1.0
-17.284606272025844,0.0
-5.690044566826289,1.0
-7.425639080228916,0.0
-13.136301781175586,0.0
-20.116025097799085,0.0
-23.750767536524595,0.0
-14.245404040632637,0.0
-7.849634018021311,1.0
-14.530381175706196,0.0
-23.978565566756277,0.0
-13.742702360971178,0.0
-7.142181017781832,1.0
-9.382944085736291,1.0
-8.09691802402309,0.0
-23.47940451918776,0.0
-11.791745685176199,0.0
-10.542858766199874,0.0
-25.25112799262586,0.0
-20.923201791006758,0.0
-5.722311898097162,1.0
-7.64940390777994,0.0
-23.987424159539156,0.0
-6.6431227206413,1.0
-20.63020092045376,0.0
-9.581098173341188,0.0
-6.2315519770606915,1.0
-6.628694544142092,1.0
-5.343078677264346,1.0
-16.0369407911865,0.0
-26.11740010783417,0.0
-5.839764311213251,1.0
-7.450314641622955,0.0
-14.382959668828887,0.0
-6.507031781566604,1.0
-9.258003660270989,1.0
-17.63834347325589,0.0
-23.101223151392833,0.0
-12.291842471189977,0.0
-9.621644268215526,0.0
-5.713295366817799,0.0
-20.66896895742553,0.0
-5.939357108353068,1.0
-10.492680298752873,0.0
-11.048383752356823,0.0
-5.856377230957222,1.0
-4.810720389992478,1.0
-16.75705289577626,0.0
-18.082429388102323,0.0
-11.867547129316035,0.0
-20.588195926504653,0.0
-5.7133222720217125,1.0
-18.173594240104087,0.0
-9.221847381318979,0.0
-17.29402472730978,0.0
-9.014670500393361,0.0
-5.519117378076106,1.0
-19.3516085545853,0.0
-15.955713493150414,0.0
-9.932069234141942,0.0
-10.482512405687896,0.0
-17.51366594497828,0.0
-16.24030177583789,0.0
-5.207956458468315,1.0
-7.597526297937635,1.0
-11.165119968320349,0.0
-17.180258031109698,0.0
-18.25289132096452,0.0
-19.468764184416383,0.0
-22.24298272991514,0.0
-7.70166073135156,0.0
-18.696316528031318,0.0
-10.402198705165203,0.0
-5.376312054505304,0.0
-14.172270384095402,0.0
-17.345163322713177,0.0
-15.098801453998743,0.0
-23.18921433920897,0.0
-10.76645569571533,0.0
-16.80330560651583,0.0
-17.56827717695914,0.0
-15.859603581087802,0.0
-18.948388985460422,0.0
-29.481955509917547,0.0
-6.675544571663148,1.0
-9.321719027279407,1.0
-9.691031236508778,0.0
-16.763514996872182,0.0
-24.383062154352665,0.0
-16.533120229272882,0.0
-5.0429068915350355,1.0
-14.908524646718531,0.0
-5.507639293267937,0.0
-11.940474851675754,0.0
-24.015779929564975,0.0
-7.103941148602332,1.0
-9.99926621794124,0.0
-5.674582531700048,1.0
-21.839783713414924,0.0
-19.951424459490095,0.0
-14.643547540359819,0.0
-8.132087723609018,1.0
-5.290297694515511,0.0
-14.22729431739777,0.0
-7.09379726536539,1.0
-15.201908305906715,0.0
-15.472178024839316,0.0
-8.160731952806481,1.0
-12.824794999062277,0.0
-21.735588850794752,0.0
-12.92975239714174,0.0
-20.91338113601017,0.0
-21.224159813088747,0.0
-29.058149744121994,0.0
-13.79715701763132,0.0
-9.901036673653293,0.0
-4.921807133309392,1.0
-16.117483058197905,0.0
-19.27493658766368,0.0
-13.646499433600797,0.0
-18.32172504821778,0.0
-16.526904469615165,0.0
-19.56260911714969,0.0
-14.087882456499408,0.0
-13.285601247916619,0.0
-8.583673076674648,0.0
-8.17889311293102,1.0
-17.698796607874794,0.0
-18.347032707173508,0.0
-10.191337687439988,0.0
-9.231505823641186,0.0
-18.294424573903388,0.0
-5.8836468910780955,0.0
-27.153317397267664,0.0
-21.9042142863997,0.0
-21.20776569833746,0.0
-19.030196939285556,0.0
-18.362863538875377,0.0
-16.979005603496194,0.0
-11.192111414225298,1.0
-17.749636338271557,0.0
-19.78606811832942,0.0
-26.047273848673434,0.0
-9.711634334882602,1.0
-14.418790250191249,0.0
-9.36600687603554,0.0
-9.521950920801471,0.0
-9.64993577657604,1.0
-10.91455154011059,0.0
-14.427944036140332,0.0
-10.821178714575426,0.0
-20.316444810400775,0.0
-5.983653396189202,1.0
-26.174652188850636,0.0
-13.049391429723052,0.0
-16.59505588844758,0.0
-12.183734239314225,0.0
-7.016751790655942,1.0
-8.194769131823158,1.0
-5.765934774328265,1.0
-22.465325109083786,0.0
-14.724144011818767,0.0
-17.14156522239011,0.0
-17.146589186000732,0.0
-6.216380005701245,1.0
-18.81337526313229,0.0
-12.814306952025232,0.0
-24.422710011244643,0.0
-14.15635115885055,0.0
-23.557341846399318,0.0
-15.782836045984759,0.0
-27.565911749588295,0.0
-19.275578713094305,0.0
-10.843437839563453,0.0
-16.114932829308092,0.0
-14.66105962170628,0.0
-21.41494216675351,0.0
-11.584243690075692,0.0
-11.297290057111184,0.0
-13.96339562448562,0.0
-25.894195330124877,0.0
-20.868748983201822,0.0
-18.05257414301297,0.0
-16.36807742829058,0.0
-18.881930274912982,0.0
-5.651213818643516,1.0
-23.788918558185618,0.0
-10.158489193497553,0.0
-7.523768421445592,1.0
-9.644944141020655,0.0
-27.46888009560106,0.0
-22.293975176152397,0.0
-5.759020641635427,1.0
-19.436672379323973,0.0
-5.0620147328971905,1.0
-17.51604072599213,0.0
-5.607246005661159,1.0
-5.420009505495036,1.0
-17.758746240046,0.0
-17.252476013310947,0.0
-20.835776434652455,0.0
-10.16175196268048,0.0
-18.873427165581358,0.0
-16.522678948362486,0.0
-12.885128792486329,0.0
-7.426756220760514,0.0
-11.980216884480202,0.0
-5.68470648354591,1.0
-5.54966365887572,1.0
-21.529187857286466,0.0
-7.2313434646368675,1.0
-28.374112046029396,0.0
-20.309576638526785,0.0
-13.891765966686574,0.0
-12.316220248312716,0.0
-10.937029615354902,0.0
-5.886444982373291,0.0
-15.836034265475268,0.0
-17.803570047401717,0.0
-5.67642150357326,1.0
-15.35363872950554,0.0
-9.405237229716064,0.0
-8.510173767240696,1.0
-5.347038872996897,1.0
-15.358340989658567,0.0
-11.797715206155123,0.0
-7.519159262398566,1.0
-12.904655424222625,0.0
-9.116904115244575,0.0
-5.446489568822833,1.0
-12.463865983882975,0.0
-5.649162974133462,0.0
-5.894233340818465,1.0
-15.037828279940879,0.0
-6.886557397298208,1.0
-9.62289023742657,0.0
-17.138642860878644,0.0
-17.664011743857294,0.0
-7.579750386356761,1.0
-7.360659341396945,0.0
-8.504835540259831,0.0
-19.373950068413496,0.0
-17.164157643163556,0.0
-7.48746155449108,1.0
-25.80643140607388,0.0
-9.202658217488787,1.0
-15.903726983577345,0.0
-13.072114207437155,0.0
-15.589010595834651,0.0
-6.26700967445831,1.0
-5.759415207627608,1.0
-9.288873398605931,0.0
-14.18892405478566,0.0
-23.597194942768994,0.0
-19.876271512176288,0.0
-6.466096510689815,1.0
-16.016675512123467,0.0
-9.36206438003969,1.0
-26.28419701362311,0.0
-6.687622996782863,1.0
-5.610064669453869,1.0
-6.982101963551073,1.0
-17.038580215891233,0.0
-9.025272205923988,1.0
-12.586835691279793,0.0
-22.420191258694015,0.0
-7.1130167078503845,1.0
-10.09699269342681,0.0
-23.23871515430326,0.0
-10.248944993820409,0.0
-12.884175833918455,0.0
-11.020331192940626,0.0
-17.173513002323638,0.0
-21.18052226886943,0.0
-5.862963882353733,1.0
-9.58873769083938,1.0
-5.3968379484438955,1.0
-16.027705909979897,0.0
-9.048891238261886,0.0
-6.062022177939119,1.0
-20.90762921363536,0.0
-21.666466669232463,0.0
-12.525704541602124,0.0
-15.673632704127273,0.0
-22.12185116017562,0.0
-4.781503475251523,1.0
-9.834255765633902,0.0
-9.751772415869208,0.0
-19.967007838380482,0.0
-5.470933301969785,1.0
-26.467255065064595,0.0
-14.447028283908644,0.0
-25.155458364572677,0.0
-18.431668631740017,0.0
-6.001409691748117,1.0
-6.645308060201324,1.0
-5.750435242080905,1.0
-13.60723249946859,0.0
-12.710259450314883,0.0
-29.464666352785223,0.0
-8.196525530415798,0.0
-4.9720807435187835,1.0
-6.747290506166697,1.0
-8.044857064481059,1.0
-16.41574112301999,0.0
-27.248831566611557,0.0
-7.8939605650892695,0.0
-26.144318645640475,0.0
-11.002007527504093,0.0
-13.435651210506855,0.0
-26.486446888328338,0.0
-8.285081694676022,1.0
-5.783351753841134,0.0
-11.382005310469957,0.0
-11.566637465233926,0.0
-6.013600353872613,0.0
-6.112769607977511,1.0
-6.263978186349986,1.0
-16.03011103292861,0.0
-7.345055045502893,1.0
-14.068590540141683,0.0
-17.712909063754363,0.0
-11.508346858664659,0.0
-17.50572843786329,0.0
-21.14694291817249,0.0
-9.252594633436317,1.0
-10.792949968491785,0.0
-10.695011995358119,0.0
-5.226777433442308,1.0
-5.5920341547957735,1.0
-7.061211129575868,0.0
-17.713774665490657,0.0
-15.039449087592663,0.0
-6.292836108610629,1.0
-6.373617876896678,1.0
-7.776415106736057,1.0
-13.98324359100983,0.0
-5.825075487150036,0.0
-21.242332988596825,0.0
-9.567598211151033,0.0
-18.84685270482716,0.0
-7.462499436009178,1.0
-9.605329536514628,0.0
-9.891461686909139,0.0
-15.407388747120843,0.0
-6.290647854914998,1.0
-9.82512949097757,0.0
-5.9746894430698365,0.0
-11.356641278567379,0.0
-9.042348356235495,0.0
-17.25566721712143,0.0
-9.218746401285848,0.0
-7.28490677693231,1.0
-7.09959070279687,1.0
-20.874270316304727,0.0
-14.986144246501656,0.0
-21.98957640049456,0.0
-16.044119050904683,0.0
-11.174984681327796,0.0
-14.34892595046849,0.0
-13.706727475151482,0.0
-14.667821940484444,0.0
-18.68898666133899,0.0
-24.384112712693,0.0
-13.091527966557024,0.0
-8.527962016947232,1.0
-6.121361878424172,1.0
-12.433181887930548,0.0
-5.585101571108711,0.0
-7.16672430305679,1.0
-7.816258646012712,1.0
-16.229778245818036,0.0
-4.516909304900317,1.0
-16.14293930692517,0.0
-10.563652353679453,0.0
-22.440652024934348,0.0
-7.083570509606307,1.0
-6.635955706352766,0.0
-5.564618568735636,1.0
-9.122747668281518,0.0
-16.0621739937874,0.0
-7.050344525297555,1.0
-23.65786285905671,0.0
-10.471998033722045,0.0
-14.89879477051164,0.0
-10.125746216502455,1.0
-5.768698968189018,1.0
-5.877661447493267,1.0
-10.964057579661747,0.0
